id,last_name,email,gender,department,salary,job_title,region_id,start_date
1,Kelley,rkelley0@soundcloud.com,Female,Computers,67470,Structural Engineer,2,02-10-2009
2,Armstrong,sarmstrong1@infoseek.co.jp,Male,Sports,71869,Financial Advisor,2,31-03-2008
3,Carr,fcarr2@woothemes.com,Male,Automotive,101768,Recruiting Manager,3,12-07-2009
4,Murray,jmurray3@gov.uk,Female,Jewelery,96897,Desktop Support Technician,3,25-12-2014
5,Ellis,jellis4@sciencedirect.com,Female,Grocery,63702,Software Engineer III,7,19-09-2002
6,Phillips,bphillips5@time.com,Male,Tools,118497,Executive Secretary,1,21-08-2013
7,Williamson,rwilliamson6@ted.com,Male,Computers,65889,Dental Hygienist,6,14-05-2006
8,Harris,aharris7@ucoz.com,Female,Toys,84427,Safety Technician I,4,12-08-2003
9,James,rjames8@prnewswire.com,Male,Jewelery,108657,Sales Associate,2,07-09-2005
10,Sanchez,rsanchez9@cloudflare.com,Male,Movies,108093,Sales Representative,1,13-03-2013
11,Jacobs,jjacobsa@sbwire.com,Female,Jewelery,121966,Community Outreach Specialist,7,27-11-2003
12,Black,mblackb@edublogs.org,Male,Clothing,44179,Data Coordiator,7,04-02-2003
13,Schmidt,sschmidtc@state.gov,Male,Baby,85227,Compensation Analyst,3,13-10-2002
14,Webb,awebbd@baidu.com,Female,Computers,59763,Software Test Engineer III,4,22-10-2006
15,Jacobs,ajacobse@google.it,Female,Games,141139,Community Outreach Specialist,7,04-03-2007
16,Medina,smedinaf@amazonaws.com,Female,Baby,106659,Web Developer III,1,14-03-2008
17,Morgan,dmorgang@123-reg.co.uk,Female,Kids,148952,Programmer IV,6,04-05-2011
18,Nguyen,jnguyenh@google.com,Male,Home,93804,Geologist II,5,03-11-2014
19,Day,rdayi@chronoengine.com,Male,Electronics,109890,VP Sales,3,22-09-2004
20,Carr,dcarrj@ocn.ne.jp,Female,Movies,115274,VP Quality Control,5,22-11-2007
21,Bryant,sbryantk@wunderground.com,Female,Industrial,78052,Software Consultant,3,12-08-2005
22,Alexander,kalexanderl@marketwatch.com,Male,Automotive,144724,Marketing Assistant,2,26-12-2011
23,Chapman,jchapmanm@archive.org,Female,Jewelery,126103,Senior Developer,4,12-04-2001
24,Kelly,ekellyn@weibo.com,Male,Garden,144965,Nurse Practicioner,2,29-06-2006
25,Stephens,jstephenso@ow.ly,Male,Toys,70613,Business Systems Development Analyst,1,04-06-2004
26,Porter,vporterp@yelp.com,Female,Home,90746,Dental Hygienist,2,30-05-2011
27,Owens,cowensq@shareasale.com,Female,Home,78698,Executive Secretary,2,26-05-2005
28,Scott,cscottr@sphinn.com,Female,Books,63336,Sales Representative,4,02-03-2008
29,Price,cprices@usa.gov,Female,Clothing,95436,Quality Engineer,3,05-07-2013
30,Weaver,dweavert@shinystat.com,Male,Beauty,83144,Account Representative III,2,17-02-2012
31,Willis,hwillisu@army.mil,Female,Tools,113507,Accountant I,7,21-10-2012
32,Torres,ltorresv@amazon.de,Male,Games,78245,Nuclear Power Engineer,6,07-04-2014
33,Greene,wgreenew@blogspot.com,Male,Movies,87057,Assistant Manager,1,21-03-2000
34,Reed,areedx@cisco.com,Male,Movies,120579,Assistant Media Planner,6,28-11-2002
35,Smith,bsmithy@statcounter.com,Female,Books,94884,Librarian,7,13-06-2013
36,Bradley,nbradleyz@goodreads.com,Male,Outdoors,107222,Payment Adjustment Coordinator,3,28-12-2008
37,Cruz,rcruz10@blinklist.com,Female,Home,61739,Quality Engineer,1,20-05-2000
38,Williamson,dwilliamson11@rediff.com,Female,Garden,82026,Nurse,2,25-01-2012
39,Kennedy,skennedy12@rediff.com,Male,Baby,79339,Civil Engineer,1,02-07-2011
40,Hawkins,phawkins13@twitpic.com,Female,Clothing,76809,Quality Engineer,6,20-08-2011
41,Allen,jallen14@ustream.tv,Female,Baby,89680,Web Developer III,6,10-05-2001
42,Watkins,mwatkins15@wiley.com,Male,Computers,125668,Executive Secretary,7,01-04-2008
43,Ferguson,mferguson16@qq.com,Male,Sports,82960,Account Representative III,6,29-05-2009
44,Simmons,asimmons17@csmonitor.com,Male,Movies,113857,Developer III,2,21-12-2013
45,Nguyen,mnguyen18@biblegateway.com,Male,Automotive,108378,Electrical Engineer,7,24-01-2002
46,Lawrence,jlawrence19@linkedin.com,Male,Outdoors,133424,Junior Executive,7,11-12-2011
47,Oliver,joliver1a@cnbc.com,Female,Clothing,42797,Software Engineer III,5,30-08-2013
48,Johnson,jjohnson1b@usgs.gov,Male,Computers,134940,Financial Advisor,4,26-04-2004
49,Crawford,hcrawford1c@dell.com,Male,Home,119471,Editor,6,21-12-2008
50,Armstrong,parmstrong1d@hc360.com,Female,Automotive,89969,Senior Editor,4,16-03-2010
51,Dixon,jdixon1e@dot.gov,Male,Baby,106281,Senior Developer,3,26-09-2006
52,Snyder,ssnyder1f@ca.gov,Female,Kids,141678,Design Engineer,3,26-09-2002
53,Coleman,dcoleman1g@dedecms.com,Male,Computers,110839,Automation Specialist I,1,14-06-2008
54,Reed,sreed1h@intel.com,Female,Toys,84275,VP Marketing,5,15-04-2001
55,Ross,jross1i@infoseek.co.jp,Male,Automotive,71363,Environmental Tech,3,21-04-2004
56,Watkins,kwatkins1j@youtu.be,Male,Garden,93680,VP Accounting,3,02-12-2002
57,Allen,jallen1k@google.cn,Female,Outdoors,73755,Geologist II,3,20-11-2000
58,Baker,jbaker1l@usnews.com,Male,Games,68857,Information Systems Manager,2,02-03-2007
59,Garcia,vgarcia1m@deviantart.com,Female,Health,48360,Registered Nurse,6,19-03-2002
60,Lane,elane1n@un.org,Male,Outdoors,104896,Financial Advisor,5,15-07-2004
61,Watson,cwatson1o@paypal.com,Female,Tools,81870,Occupational Therapist,7,10-08-2009
62,Boyd,aboyd1p@artisteer.com,Male,Automotive,69936,Senior Editor,7,29-05-2007
63,Young,hyoung1q@cisco.com,Female,Grocery,138844,Mechanical Systems Engineer,6,11-12-2007
64,Cooper,tcooper1r@umich.edu,Male,Garden,139796,Office Assistant IV,1,12-11-2011
65,Jordan,jjordan1s@about.me,Female,Automotive,86939,Tax Accountant,3,27-01-2000
66,Rodriguez,lrodriguez1t@narod.ru,Male,Beauty,141949,Product Engineer,4,27-09-2003
67,Mills,jmills1u@printfriendly.com,Female,Grocery,114200,Senior Sales Associate,7,08-08-2004
68,Coleman,kcoleman1v@360.cn,Male,Beauty,121378,Web Developer I,7,02-09-2012
69,Stewart,dstewart1w@usnews.com,Male,Toys,148144,Data Coordiator,4,22-08-2000
70,Jordan,ajordan1x@moonfruit.com,Female,Games,93839,Database Administrator III,2,13-11-2004
71,Vasquez,evasquez1y@behance.net,Male,Baby,77285,Operator,6,20-10-2002
72,Knight,tknight1z@weibo.com,Female,Music,135688,Statistician I,4,13-10-2002
73,Palmer,ipalmer20@newsvine.com,Male,Sports,78828,Director of Sales,2,03-04-2002
74,Washington,jwashington21@squidoo.com,Female,Home,47206,Programmer III,3,11-07-2000
75,Sanchez,dsanchez22@blog.com,Female,Outdoors,78157,Senior Financial Analyst,1,06-10-2013
76,Grant,egrant23@prlog.org,Female,Electronics,49296,Software Test Engineer II,6,23-07-2000
77,Daniels,ndaniels24@google.ca,Male,Tools,139061,Environmental Specialist,3,07-02-2013
78,Medina,jmedina25@dot.gov,Female,Games,114989,Marketing Assistant,3,16-09-2005
79,Cunningham,acunningham26@simplemachines.org,Male,Clothing,88345,Junior Executive,6,15-09-2002
80,Little,klittle27@un.org,Male,Music,114647,Editor,5,12-09-2001
81,Welch,jwelch28@1und1.de,Male,Outdoors,118514,Accounting Assistant III,5,24-07-2004
82,Gilbert,hgilbert29@xrea.com,Female,Home,93712,Junior Executive,7,11-05-2003
83,George,ageorge2a@gmpg.org,Male,Industrial,86373,Compensation Analyst,7,02-05-2009
84,Hughes,mhughes2b@youtube.com,Male,Kids,122110,Structural Engineer,6,28-01-2013
85,Williams,jwilliams2c@businesswire.com,Female,Games,95542,Nurse,2,26-03-2006
86,Martinez,wmartinez2d@barnesandnoble.com,Female,Outdoors,131392,Systems Administrator II,2,25-05-2013
87,Hamilton,hhamilton2e@google.de,Male,Music,98401,VP Quality Control,1,23-10-2010
88,Gomez,jgomez2f@mtv.com,Female,Tools,103806,Accounting Assistant I,3,19-09-2004
89,Webb,awebb2g@springer.com,Male,Health,73686,Tax Accountant,2,10-04-2014
90,Thomas,tthomas2h@webnode.com,Male,Games,55002,Research Assistant IV,6,03-11-2011
91,Wallace,swallace2i@state.tx.us,Male,Baby,65216,Registered Nurse,4,07-03-2005
92,Ortiz,aortiz2j@jigsy.com,Female,Automotive,113231,Senior Editor,7,22-06-2010
93,Knight,nknight2k@cafepress.com,Female,Electronics,125847,Chemical Engineer,5,03-04-2014
94,Hunt,thunt2l@twitpic.com,Female,Music,140430,Senior Cost Accountant,2,31-05-2000
95,Franklin,sfranklin2m@wordpress.com,Male,Movies,117105,VP Quality Control,5,06-11-2013
96,Mason,wmason2n@xrea.com,Male,Beauty,96673,Accounting Assistant I,1,21-02-2004
97,Williams,wwilliams2o@berkeley.edu,Female,Games,79267,VP Quality Control,7,14-03-2013
98,Freeman,lfreeman2p@tiny.cc,Female,Kids,109154,Accountant I,4,11-10-2007
99,Palmer,ipalmer2q@youku.com,Female,Books,138815,Physical Therapy Assistant,3,24-04-2002
100,Bell,rbell2r@utexas.edu,Male,Sports,68210,Registered Nurse,4,03-08-2007
101,Rivera,jrivera2s@oakley.com,Male,Games,137281,VP Sales,3,16-11-2002
102,Matthews,kmatthews2t@oaic.gov.au,Male,Health,114970,Statistician IV,2,09-08-2008
103,Reed,dreed2u@arstechnica.com,Male,Automotive,126001,Structural Engineer,6,19-07-2003
104,Adams,eadams2v@yandex.ru,Male,Grocery,78736,Financial Analyst,6,16-09-2003
105,Young,syoung2w@cmu.edu,Male,Shoes,80830,Quality Control Specialist,4,16-09-2009
106,Gardner,rgardner2x@theguardian.com,Male,Kids,47879,Product Engineer,5,06-08-2009
107,Castillo,bcastillo2y@cornell.edu,Female,Computers,132634,Civil Engineer,2,31-03-2004
108,Perkins,jperkins2z@prlog.org,Male,Clothing,68344,Senior Cost Accountant,7,14-07-2005
109,Freeman,bfreeman30@fda.gov,Female,Clothing,147868,General Manager,6,14-10-2007
110,Howell,whowell31@free.fr,Male,Books,67255,Geologist III,4,15-04-2011
111,Austin,naustin32@discuz.net,Female,Computers,47494,Help Desk Operator,6,13-06-2012
112,Morris,amorris33@irs.gov,Female,Movies,127645,Legal Assistant,1,19-07-2013
113,Moore,kmoore34@shareasale.com,Male,Baby,54413,Operator,5,01-03-2000
114,Sims,msims35@i2i.jp,Male,Grocery,136790,Nuclear Power Engineer,2,06-12-2012
115,Nguyen,rnguyen36@bandcamp.com,Female,Clothing,58420,Graphic Designer,1,30-06-2007
116,Wells,awells37@theatlantic.com,Male,Industrial,73813,Occupational Therapist,3,17-01-2002
117,Martin,jmartin38@chron.com,Male,Movies,49644,Senior Developer,4,02-10-2012
118,Fox,pfox39@discovery.com,Male,Automotive,87134,Assistant Manager,3,03-09-2009
119,Washington,wwashington3a@dot.gov,Female,Clothing,148408,Speech Pathologist,3,06-10-2008
120,Evans,wevans3b@scientificamerican.com,Female,Toys,77335,Chemical Engineer,4,23-01-2008
121,Elliott,belliott3c@jiathis.com,Female,Sports,131409,Technical Writer,7,05-08-2007
122,Wagner,jwagner3d@fotki.com,Male,Baby,77530,Librarian,1,26-02-2001
123,Griffin,agriffin3e@mtv.com,Female,Garden,101875,Business Systems Development Analyst,4,26-04-2002
124,Chavez,mchavez3f@sohu.com,Female,Grocery,144028,Executive Secretary,6,07-12-2005
125,Dean,ldean3g@blogspot.com,Female,Movies,140708,Nurse,1,05-05-2012
126,Burton,bburton3h@360.cn,Male,Shoes,79172,Associate Professor,7,11-07-2013
127,Harper,sharper3i@slideshare.net,Female,Outdoors,144639,VP Quality Control,7,18-05-2000
128,Gibson,tgibson3j@ucoz.com,Male,Computers,109449,Engineer II,7,24-03-2003
129,Grant,lgrant3k@live.com,Female,Computers,108441,Nurse,6,15-10-2006
130,Nichols,bnichols3l@dropbox.com,Female,Games,145692,Recruiting Manager,5,03-07-2008
131,Kelley,wkelley3m@domainmarket.com,Male,Shoes,120377,Research Nurse,4,24-02-2000
132,Montgomery,rmontgomery3n@chicagotribune.com,Female,Home,63929,Research Assistant IV,5,14-05-2003
133,Martinez,dmartinez3o@deviantart.com,Male,Games,124853,Systems Administrator III,2,01-02-2001
134,Harvey,jharvey3p@angelfire.com,Female,Outdoors,99854,VP Marketing,6,03-06-2010
135,Hicks,ahicks3q@pcworld.com,Female,Kids,58675,Technical Writer,3,11-08-2013
136,Rose,lrose3r@slideshare.net,Female,Beauty,50060,Accountant IV,1,16-05-2007
137,Simmons,jsimmons3s@imageshack.us,Female,Sports,72748,Quality Control Specialist,3,09-08-2014
138,Montgomery,wmontgomery3t@taobao.com,Male,Electronics,71082,Geologist III,7,01-09-2005
139,Hart,rhart3u@wsj.com,Male,Jewelery,119773,Pharmacist,3,08-01-2012
140,Wheeler,bwheeler3v@google.co.uk,Male,Computers,82358,Information Systems Manager,4,22-01-2001
141,Williamson,rwilliamson3w@amazon.co.jp,Male,Games,145575,VP Accounting,1,12-12-2005
142,Burton,gburton3x@umich.edu,Male,Industrial,105810,Recruiter,5,06-12-2009
143,Gutierrez,jgutierrez3y@tuttocitta.it,Male,Tools,58805,Database Administrator I,1,06-05-2014
144,Barnes,lbarnes3z@indiegogo.com,Female,Baby,112837,Clinical Specialist,5,08-12-2008
145,Day,lday40@upenn.edu,Female,Baby,125914,Junior Executive,6,14-04-2013
146,Thompson,athompson41@booking.com,Male,Movies,133281,Account Executive,6,04-02-2009
147,Hernandez,ahernandez42@pagesperso-orange.fr,Female,Music,96169,Civil Engineer,1,06-10-2012
148,Sanders,lsanders43@linkedin.com,Male,Movies,146970,Staff Accountant III,3,09-05-2013
149,Meyer,jmeyer44@facebook.com,Female,Toys,76352,Human Resources Assistant IV,4,03-05-2008
150,Diaz,pdiaz45@who.int,Male,Health,128748,Web Developer III,1,15-10-2006
151,Larson,blarson46@newsvine.com,Male,Books,50066,Operator,1,09-08-2011
152,Roberts,droberts47@jimdo.com,Male,Music,105319,Compensation Analyst,4,22-07-2011
153,Carroll,jcarroll48@cisco.com,Male,Home,110622,Safety Technician IV,4,30-10-2003
154,Russell,mrussell49@exblog.jp,Female,Electronics,87422,Help Desk Operator,7,16-10-2009
155,Robinson,trobinson4a@amazon.com,Male,Books,45456,Chemical Engineer,1,06-09-2007
156,Hayes,ahayes4b@guardian.co.uk,Male,Industrial,52298,Analyst Programmer,7,21-05-2004
157,Henry,dhenry4c@yelp.com,Male,Shoes,131252,Account Representative III,1,14-05-2007
158,Chavez,mchavez4d@baidu.com,Male,Garden,128766,Desktop Support Technician,2,23-02-2001
159,Harvey,eharvey4e@opera.com,Male,Tools,138179,Analog Circuit Design manager,3,12-09-2009
160,Gutierrez,cgutierrez4f@usnews.com,Female,Industrial,85012,Financial Analyst,1,22-06-2003
161,Cruz,mcruz4g@dedecms.com,Male,Health,131479,Senior Cost Accountant,7,24-08-2001
162,Sullivan,jsullivan4h@cloudflare.com,Female,Health,103182,Accounting Assistant I,2,28-12-2005
163,Robertson,jrobertson4i@live.com,Male,Garden,96996,Software Test Engineer I,4,07-06-2000
164,Robertson,trobertson4j@youtu.be,Female,Computers,106607,Automation Specialist I,2,30-08-2008
165,Lawson,jlawson4k@prnewswire.com,Male,Automotive,130993,Administrative Officer,2,05-12-2012
166,Meyer,kmeyer4l@bloglovin.com,Male,Industrial,87097,Safety Technician IV,7,05-03-2006
167,Lopez,rlopez4m@foxnews.com,Male,Outdoors,131961,Legal Assistant,4,25-01-2013
168,Burns,pburns4n@networksolutions.com,Female,Jewelery,88093,Editor,7,09-06-2014
169,Sanders,rsanders4o@salon.com,Male,Movies,41898,Tax Accountant,6,24-12-2010
170,Martinez,cmartinez4p@facebook.com,Male,Electronics,52808,Human Resources Assistant I,2,28-06-2004
171,Harris,mharris4q@squarespace.com,Female,Movies,110912,Geologist I,5,27-09-2004
172,Fields,rfields4r@amazon.co.uk,Male,Books,101520,Project Manager,1,05-09-2009
173,Fox,ffox4s@geocities.com,Female,Books,55633,Systems Administrator IV,1,21-11-2005
174,Reynolds,dreynolds4t@biglobe.ne.jp,Female,Books,91561,VP Product Management,7,08-10-2010
175,Daniels,cdaniels4u@rambler.ru,Male,Grocery,77307,Biostatistician IV,7,07-11-2013
176,Fisher,rfisher4v@jigsy.com,Male,Clothing,67942,Financial Advisor,6,14-10-2012
177,Ferguson,nferguson4w@networksolutions.com,Female,Clothing,80397,Compensation Analyst,1,18-09-2008
178,Butler,cbutler4x@amazon.de,Female,Sports,78157,Librarian,1,17-02-2003
179,Reynolds,rreynolds4y@miitbeian.gov.cn,Female,Garden,121836,VP Accounting,7,29-01-2004
180,Williamson,nwilliamson4z@dropbox.com,Male,Outdoors,76063,Administrative Assistant II,6,08-11-2008
181,Shaw,sshaw50@instagram.com,Female,Garden,56923,Social Worker,2,02-05-2001
182,Gomez,rgomez51@baidu.com,Female,Industrial,76932,Legal Assistant,5,04-04-2009
183,Harrison,jharrison52@scientificamerican.com,Female,Games,64410,Senior Developer,2,03-08-2002
184,Watson,ewatson53@latimes.com,Female,Books,111873,Payment Adjustment Coordinator,2,02-02-2008
185,Watson,rwatson54@webeden.co.uk,Female,Clothing,74648,Health Coach III,2,22-09-2001
186,Larson,dlarson55@technorati.com,Female,Toys,144991,Technical Writer,7,17-09-2011
187,Gordon,kgordon56@techcrunch.com,Female,Outdoors,107407,Systems Administrator II,3,04-11-2005
188,Rose,erose57@guardian.co.uk,Male,Grocery,120225,Editor,7,17-03-2012
189,Anderson,banderson58@wsj.com,Male,Home,122272,Environmental Specialist,2,02-12-2014
190,Powell,hpowell59@geocities.com,Female,Health,120577,Web Designer III,1,13-11-2002
191,Woods,dwoods5a@businesswire.com,Female,Electronics,148986,Structural Analysis Engineer,1,29-04-2008
192,Morales,jmorales5b@joomla.org,Male,Games,101855,Engineer IV,4,10-02-2000
193,Stanley,dstanley5c@is.gd,Female,Industrial,140850,Financial Analyst,4,17-02-2006
194,Wagner,ewagner5d@cornell.edu,Male,Toys,142516,Professor,1,01-02-2006
195,Meyer,nmeyer5e@about.me,Male,Shoes,48829,Accountant I,1,09-11-2012
196,Jacobs,rjacobs5f@oracle.com,Male,Outdoors,81270,Geological Engineer,1,16-09-2006
197,Hayes,jhayes5g@jiathis.com,Female,Beauty,130097,Office Assistant IV,5,03-01-2011
198,Sanders,esanders5h@ihg.com,Female,Industrial,117905,Dental Hygienist,4,24-01-2000
199,Reed,sreed5i@bloglovin.com,Female,Shoes,142483,Social Worker,3,12-11-2010
200,George,mgeorge5j@cdc.gov,Male,Movies,89633,Software Consultant,4,20-09-2004
201,Andrews,jandrews5k@free.fr,Male,Home,48684,Nurse Practicioner,6,18-03-2009
202,Morris,lmorris5l@patch.com,Female,Automotive,91932,Analyst Programmer,1,23-01-2004
203,Moreno,jmoreno5m@xing.com,Female,Grocery,112004,Internal Auditor,7,07-10-2005
204,Powell,cpowell5n@cocolog-nifty.com,Female,Beauty,116013,Tax Accountant,4,25-09-2000
205,Graham,jgraham5o@printfriendly.com,Female,Games,109058,Chemical Engineer,7,10-09-2008
206,Riley,hriley5p@dailymotion.com,Male,Toys,61992,Sales Representative,4,06-05-2012
207,Harris,mharris5q@utexas.edu,Female,Movies,129527,Statistician II,2,02-10-2008
208,Gilbert,rgilbert5r@domainmarket.com,Female,Grocery,67746,Director of Sales,2,15-12-2001
209,Peterson,jpeterson5s@t-online.de,Male,Books,104530,VP Marketing,2,14-03-2010
210,Foster,jfoster5t@icq.com,Female,Music,42759,Social Worker,4,17-01-2008
211,Fowler,afowler5u@parallels.com,Female,Kids,43097,Associate Professor,2,25-02-2011
212,Matthews,fmatthews5v@theatlantic.com,Female,Outdoors,123936,Internal Auditor,1,22-11-2005
213,Thomas,gthomas5w@slate.com,Male,Tools,128239,Teacher,6,28-11-2006
214,West,gwest5x@hao123.com,Male,Computers,66084,Electrical Engineer,6,31-10-2003
215,Stevens,estevens5y@salon.com,Male,Games,106729,Occupational Therapist,5,14-03-2009
216,Howard,dhoward5z@soundcloud.com,Male,Jewelery,87269,General Manager,4,15-03-2009
217,Boyd,mboyd60@jimdo.com,Male,Home,128765,Senior Financial Analyst,2,01-12-2004
218,Ross,iross61@jimdo.com,Male,Games,104671,VP Marketing,7,25-05-2003
219,Harrison,vharrison62@networkadvertising.org,Male,Shoes,55073,Assistant Professor,4,01-05-2011
220,Ellis,lellis63@ucla.edu,Female,Outdoors,146256,Paralegal,1,21-11-2007
221,Diaz,sdiaz64@disqus.com,Female,Home,55077,Registered Nurse,7,15-01-2005
222,Snyder,asnyder65@soundcloud.com,Female,Grocery,124215,Recruiting Manager,2,11-04-2011
223,Gibson,bgibson66@lulu.com,Male,Computers,105444,Human Resources Assistant II,6,28-04-2008
224,Hanson,dhanson67@cmu.edu,Female,Sports,141513,Staff Accountant I,1,01-05-2010
225,Peterson,mpeterson68@home.pl,Female,Shoes,97623,Technical Writer,1,13-03-2008
226,Gonzalez,tgonzalez69@umich.edu,Male,Health,106833,Registered Nurse,7,12-11-2005
227,Rivera,crivera6a@amazon.co.jp,Female,Beauty,69045,Accounting Assistant IV,2,18-04-2006
228,Washington,cwashington6b@cargocollective.com,Male,Outdoors,113311,Programmer III,2,04-07-2008
229,Ruiz,lruiz6c@thetimes.co.uk,Female,Outdoors,116301,Design Engineer,3,02-11-2013
230,Ford,sford6d@flavors.me,Female,Industrial,138459,Geological Engineer,1,05-01-2006
231,Day,lday6e@usgs.gov,Female,Clothing,87800,Sales Associate,7,03-07-2005
232,Peterson,apeterson6f@sina.com.cn,Female,Kids,52572,Compensation Analyst,7,27-05-2000
233,Gonzalez,rgonzalez6g@europa.eu,Male,Electronics,44917,Biostatistician IV,5,24-04-2009
234,Walker,jwalker6h@google.es,Female,Shoes,110896,Accountant II,2,02-02-2010
235,Griffin,sgriffin6i@123-reg.co.uk,Male,Books,108970,Senior Cost Accountant,2,22-12-2001
236,Tucker,jtucker6j@dailymail.co.uk,Male,Jewelery,83543,Programmer II,5,27-04-2009
237,Armstrong,aarmstrong6k@redcross.org,Female,Music,63598,Budget/Accounting Analyst II,1,14-07-2013
238,Gonzales,cgonzales6l@berkeley.edu,Male,Movies,131274,Clinical Specialist,2,06-04-2014
239,Williamson,jwilliamson6m@arizona.edu,Female,Computers,149085,Software Engineer III,7,16-02-2005
240,Spencer,wspencer6n@marriott.com,Male,Games,143223,Staff Accountant IV,6,21-09-2013
241,Rose,jrose6o@dion.ne.jp,Female,Clothing,107207,Web Developer II,3,22-12-2010
242,Robinson,probinson6p@ucla.edu,Male,Health,137594,Operator,6,30-11-2003
243,Gutierrez,kgutierrez6q@bravesites.com,Male,Home,139845,Director of Sales,4,26-01-2006
244,Alvarez,jalvarez6r@geocities.com,Female,Sports,65563,Help Desk Technician,4,07-09-2012
245,Webb,swebb6s@people.com.cn,Female,Kids,142988,Marketing Manager,6,02-01-2014
246,Ellis,tellis6t@squarespace.com,Female,Industrial,134074,Product Engineer,6,22-01-2000
247,Romero,jromero6u@cafepress.com,Male,Toys,80654,Geological Engineer,2,21-01-2010
248,White,jwhite6v@tripadvisor.com,Male,Garden,118834,Financial Analyst,6,13-12-2005
249,Miller,jmiller6w@businesswire.com,Male,Kids,85559,Pharmacist,2,03-03-2013
250,Fowler,mfowler6x@geocities.jp,Male,Books,84049,Information Systems Manager,5,15-09-2001
251,Duncan,pduncan6y@sina.com.cn,Female,Jewelery,47439,Tax Accountant,7,16-01-2011
252,Johnston,jjohnston6z@irs.gov,Male,Tools,87072,Structural Engineer,7,16-12-2000
253,Marshall,mmarshall70@hibu.com,Female,Computers,123401,Computer Systems Analyst I,4,12-05-2003
254,Lawrence,alawrence71@unicef.org,Female,Grocery,131681,Account Executive,7,02-04-2001
255,Lynch,rlynch72@sitemeter.com,Female,Kids,96118,Social Worker,5,29-08-2014
256,Stone,gstone73@google.es,Female,Books,87816,Administrative Assistant I,2,01-12-2006
257,Freeman,gfreeman74@bloomberg.com,Female,Home,83804,Operator,1,05-06-2012
258,Schmidt,dschmidt75@sitemeter.com,Male,Automotive,133612,VP Product Management,4,26-10-2007
259,Wallace,gwallace76@technorati.com,Female,Computers,47007,Internal Auditor,3,14-04-2010
260,Fuller,ffuller77@ustream.tv,Male,Health,142967,GIS Technical Architect,5,13-12-2005
261,Bennett,jbennett78@surveymonkey.com,Female,Kids,71433,Food Chemist,4,06-12-2011
262,Lewis,dlewis79@parallels.com,Female,Beauty,74191,Business Systems Development Analyst,1,08-03-2000
263,Snyder,dsnyder7a@digg.com,Male,Movies,109004,Account Coordinator,5,29-01-2005
264,Sanders,ksanders7b@pinterest.com,Male,Industrial,102211,Senior Cost Accountant,3,20-04-2014
265,Fox,wfox7c@yelp.com,Male,Computers,75862,Electrical Engineer,5,03-08-2000
266,Burke,cburke7d@ameblo.jp,Male,Jewelery,61446,Environmental Specialist,2,05-03-2000
267,Murphy,dmurphy7e@patch.com,Male,Home,146432,VP Quality Control,2,02-06-2011
268,Bowman,hbowman7f@reddit.com,Female,Grocery,50623,Biostatistician III,7,18-02-2002
269,Cunningham,kcunningham7g@squidoo.com,Male,Outdoors,108248,Safety Technician I,3,11-12-2014
270,Torres,ttorres7h@telegraph.co.uk,Female,Automotive,120875,Software Consultant,1,06-08-2005
271,Jordan,pjordan7i@squidoo.com,Female,Sports,123843,Senior Sales Associate,7,07-08-2001
272,Banks,jbanks7j@dion.ne.jp,Male,Music,43940,Health Coach I,2,16-05-2014
273,Gordon,egordon7k@yellowbook.com,Female,Movies,142840,Account Coordinator,1,06-01-2013
274,Bennett,abennett7l@guardian.co.uk,Male,Garden,125713,Account Representative III,3,01-08-2006
275,Rivera,arivera7m@comcast.net,Female,Books,122219,Engineer I,6,26-04-2010
276,Ellis,dellis7n@seesaa.net,Female,Electronics,46259,Help Desk Technician,6,21-05-2000
277,Richardson,lrichardson7o@fc2.com,Female,Clothing,142403,Engineer III,3,14-07-2003
278,Ortiz,wortiz7p@reddit.com,Male,Garden,88165,Librarian,4,26-01-2000
279,Clark,mclark7q@privacy.gov.au,Male,Garden,86291,Dental Hygienist,7,26-06-2007
280,Chavez,rchavez7r@youtu.be,Male,Kids,139163,Legal Assistant,5,04-06-2008
281,Holmes,aholmes7s@last.fm,Male,Music,48892,Accounting Assistant I,1,05-11-2006
282,Fowler,rfowler7t@ameblo.jp,Female,Outdoors,120540,Junior Executive,6,24-12-2014
283,George,ageorge7u@1und1.de,Female,Health,47450,Automation Specialist I,1,13-03-2000
284,Murray,kmurray7v@ca.gov,Female,Health,142255,Quality Engineer,4,25-08-2008
285,Hunter,rhunter7w@buzzfeed.com,Male,Garden,62441,Environmental Specialist,3,16-08-2000
286,Long,elong7x@nymag.com,Female,Games,142529,Librarian,2,11-03-2007
287,Andrews,tandrews7y@ycombinator.com,Female,Beauty,142103,Associate Professor,4,19-03-2010
288,Moore,bmoore7z@twitpic.com,Male,Electronics,102395,Account Coordinator,6,11-08-2002
289,Sanders,csanders80@blog.com,Male,Home,44593,Engineer III,2,09-10-2009
290,Carter,scarter81@cargocollective.com,Male,Grocery,120800,Accountant III,5,09-02-2007
291,Moreno,rmoreno82@alibaba.com,Female,Books,121238,Senior Developer,4,26-11-2003
292,Ortiz,dortiz83@themeforest.net,Female,Automotive,91296,Environmental Tech,6,08-12-2011
293,Castillo,pcastillo84@1688.com,Female,Health,86070,Clinical Specialist,3,24-08-2011
294,Cooper,icooper85@w3.org,Female,Movies,61519,Human Resources Assistant III,7,31-01-2009
295,Harris,lharris86@ibm.com,Female,Books,47131,Developer IV,6,20-09-2005
296,Edwards,aedwards87@webeden.co.uk,Male,Kids,93962,Staff Scientist,3,07-04-2008
297,Harrison,nharrison88@imageshack.us,Male,Shoes,133845,Executive Secretary,4,12-11-2014
298,Berry,lberry89@gov.uk,Male,Clothing,43067,Research Assistant I,7,17-06-2010
299,Stephens,cstephens8a@imdb.com,Female,Beauty,88972,Paralegal,7,01-09-2001
300,Arnold,barnold8b@thetimes.co.uk,Male,Clothing,77635,VP Product Management,3,15-11-2005
301,Myers,amyers8c@ibm.com,Male,Grocery,148993,Speech Pathologist,1,16-05-2011
302,Jenkins,rjenkins8d@wufoo.com,Female,Tools,113599,Geological Engineer,2,15-08-2002
303,West,jwest8e@berkeley.edu,Male,Electronics,76943,General Manager,7,15-03-2012
304,Mccoy,mmccoy8f@wisc.edu,Female,Books,77486,Community Outreach Specialist,4,26-05-2007
305,Johnson,fjohnson8g@wikipedia.org,Male,Electronics,135001,Recruiting Manager,4,20-11-2013
306,Sanders,ssanders8h@mtv.com,Male,Baby,52171,Data Coordiator,2,10-11-2008
307,Cunningham,acunningham8i@wikimedia.org,Female,Garden,139302,Engineer IV,5,22-06-2006
308,Lynch,slynch8j@123-reg.co.uk,Female,Health,126683,Librarian,4,09-08-2000
309,Riley,driley8k@dell.com,Male,Sports,143781,Product Engineer,4,04-07-2006
310,Ray,aray8l@cbc.ca,Male,Books,51761,Cost Accountant,5,05-03-2008
311,Lane,plane8m@pbs.org,Male,Shoes,45463,Marketing Manager,5,26-05-2011
312,Jordan,pjordan8n@adobe.com,Female,Clothing,133498,Nuclear Power Engineer,7,15-11-2003
313,Gibson,bgibson8o@pen.io,Female,Home,81273,Health Coach II,4,21-03-2011
314,Elliott,telliott8p@mozilla.org,Male,Computers,77921,Environmental Specialist,7,27-02-2008
315,Smith,bsmith8q@mysql.com,Male,Games,59580,General Manager,2,25-07-2012
316,Peters,cpeters8r@epa.gov,Male,Sports,40418,VP Marketing,2,16-09-2010
317,Tucker,htucker8s@photobucket.com,Male,Grocery,104844,Structural Analysis Engineer,3,05-08-2004
318,Moore,jmoore8t@umich.edu,Male,Computers,139304,Help Desk Technician,3,27-04-2003
319,Crawford,mcrawford8u@parallels.com,Female,Home,140996,Software Engineer IV,3,20-12-2011
320,Gilbert,egilbert8v@nydailynews.com,Male,Garden,52430,Assistant Media Planner,5,12-04-2010
321,Wheeler,jwheeler8w@whitehouse.gov,Female,Books,145284,Information Systems Manager,7,24-08-2001
322,Marshall,jmarshall8x@va.gov,Male,Computers,66063,Web Designer III,2,07-11-2013
323,Robinson,rrobinson8y@businessinsider.com,Male,Electronics,134422,Occupational Therapist,4,10-04-2008
324,Stevens,astevens8z@si.edu,Female,Computers,106229,Research Associate,4,19-05-2012
325,Wright,kwright90@buzzfeed.com,Female,Clothing,107727,Computer Systems Analyst I,2,13-05-2012
326,Castillo,bcastillo91@hc360.com,Female,Jewelery,130188,Social Worker,3,12-12-2007
327,Edwards,medwards92@mail.ru,Male,Automotive,140194,Programmer IV,5,04-10-2002
328,Hanson,bhanson93@blinklist.com,Female,Computers,58719,Media Manager I,4,06-01-2005
329,Mccoy,hmccoy94@miitbeian.gov.cn,Female,Shoes,86803,Administrative Assistant III,4,27-07-2004
330,Dunn,cdunn95@ft.com,Male,Industrial,68334,Administrative Officer,7,23-06-2010
331,Hudson,jhudson96@thetimes.co.uk,Female,Sports,91906,Food Chemist,4,23-12-2008
332,Garza,lgarza97@bing.com,Female,Games,48064,Office Assistant II,5,20-12-2006
333,Garza,pgarza98@go.com,Male,Industrial,75281,Data Coordiator,7,30-06-2004
334,Mills,fmills99@ameblo.jp,Male,Industrial,91659,VP Accounting,4,24-03-2009
335,Gilbert,pgilbert9a@wiley.com,Female,Sports,52792,Pharmacist,2,03-10-2001
336,Campbell,pcampbell9b@istockphoto.com,Female,Home,40415,Food Chemist,4,30-08-2001
337,Spencer,dspencer9c@ed.gov,Male,Movies,83256,Senior Editor,5,16-06-2008
338,Garrett,kgarrett9d@wordpress.com,Female,Electronics,145181,Programmer Analyst III,1,30-12-2012
339,Hudson,rhudson9e@geocities.com,Female,Jewelery,78294,Software Consultant,4,23-07-2004
340,Williams,jwilliams9f@canalblog.com,Male,Electronics,90120,Biostatistician I,2,03-07-2007
341,Ellis,cellis9g@ibm.com,Male,Home,80284,VP Accounting,3,24-09-2008
342,Carroll,scarroll9h@yellowbook.com,Female,Shoes,85511,Business Systems Development Analyst,5,26-07-2009
343,Long,along9i@ocn.ne.jp,Female,Toys,40138,Payment Adjustment Coordinator,6,13-06-2008
344,Owens,eowens9j@skyrock.com,Male,Books,42714,Electrical Engineer,7,17-06-2010
345,Perez,jperez9k@bloglines.com,Male,Music,65767,Programmer Analyst I,4,21-06-2005
346,Freeman,lfreeman9l@cpanel.net,Female,Kids,149351,Design Engineer,7,13-02-2013
347,Frazier,dfrazier9m@amazon.co.uk,Female,Tools,88470,Associate Professor,1,03-01-2012
348,Thomas,athomas9n@answers.com,Female,Electronics,90317,Health Coach I,4,26-11-2009
349,Crawford,acrawford9o@cpanel.net,Male,Garden,142149,Compensation Analyst,2,10-10-2012
350,Hawkins,ahawkins9p@hud.gov,Male,Electronics,144073,Programmer I,1,21-05-2000
351,Fuller,jfuller9q@merriam-webster.com,Female,Books,54410,Programmer Analyst II,7,17-08-2001
352,Moreno,smoreno9r@slate.com,Male,Home,107907,Financial Advisor,5,28-06-2000
353,Gonzales,jgonzales9s@sourceforge.net,Female,Home,91249,Mechanical Systems Engineer,2,10-07-2010
354,Hudson,shudson9t@shareasale.com,Male,Outdoors,78478,Compensation Analyst,5,20-12-2005
355,Murray,cmurray9u@reverbnation.com,Male,Sports,48812,Human Resources Assistant III,7,07-07-2005
356,Stephens,estephens9v@bbc.co.uk,Female,Grocery,147440,Sales Associate,2,27-04-2000
357,Reynolds,dreynolds9w@angelfire.com,Male,Outdoors,87978,Senior Financial Analyst,1,18-05-2003
358,Gutierrez,jgutierrez9x@telegraph.co.uk,Male,Automotive,67800,Desktop Support Technician,2,17-06-2002
359,Tucker,gtucker9y@instagram.com,Male,Baby,42944,Tax Accountant,3,14-05-2010
360,Jenkins,jjenkins9z@w3.org,Female,Automotive,84356,Marketing Assistant,2,18-07-2004
361,Rice,dricea0@hubpages.com,Female,Garden,144724,Senior Quality Engineer,7,06-12-2006
362,Burke,jburkea1@mayoclinic.com,Male,Grocery,147290,Analyst Programmer,6,08-09-2003
363,Hall,jhalla2@prweb.com,Male,Automotive,83177,Community Outreach Specialist,3,28-12-2001
364,Ryan,rryana3@twitter.com,Male,Health,83252,Civil Engineer,3,31-05-2014
365,Gonzales,jgonzalesa4@cpanel.net,Male,Clothing,127393,Help Desk Technician,7,30-08-2000
366,Jacobs,bjacobsa5@domainmarket.com,Male,Industrial,67186,Research Nurse,1,29-01-2006
367,Ramos,jramosa6@cdbaby.com,Female,Beauty,102361,Computer Systems Analyst III,5,05-03-2002
368,Rivera,driveraa7@typepad.com,Female,Kids,60688,Paralegal,1,15-08-2001
369,Lawrence,llawrencea8@mozilla.com,Female,Electronics,44704,Data Coordiator,2,24-04-2013
370,Austin,eaustina9@answers.com,Male,Home,110627,Teacher,7,09-01-2002
371,Sims,bsimsaa@privacy.gov.au,Male,Sports,127223,Operator,5,04-06-2000
372,Harper,rharperab@china.com.cn,Female,Kids,96163,Safety Technician IV,3,31-08-2001
373,Sims,jsimsac@a8.net,Male,Jewelery,86524,Developer IV,5,24-04-2012
374,Mcdonald,jmcdonaldad@sbwire.com,Female,Baby,141464,Programmer IV,4,19-09-2005
375,Hudson,mhudsonae@ihg.com,Female,Industrial,88029,Help Desk Operator,4,27-08-2014
376,Harper,charperaf@google.pl,Male,Home,47281,VP Quality Control,6,21-03-2007
377,Alexander,valexanderag@amazon.co.uk,Female,Electronics,93245,Staff Scientist,1,15-01-2002
378,Nichols,bnicholsah@networkadvertising.org,Male,Automotive,110589,Cost Accountant,7,30-07-2012
379,Hicks,ghicksai@weibo.com,Male,Jewelery,63735,VP Accounting,6,03-04-2003
380,Turner,bturneraj@samsung.com,Female,Industrial,91182,Compensation Analyst,5,23-11-2013
381,Welch,dwelchak@printfriendly.com,Male,Music,133007,Software Test Engineer I,7,09-09-2012
382,Payne,jpayneal@comsenz.com,Female,Home,92879,Nurse,2,10-08-2012
383,Young,pyoungam@theguardian.com,Male,Clothing,104079,Systems Administrator IV,4,10-12-2002
384,Butler,dbutleran@eventbrite.com,Female,Beauty,63918,Structural Engineer,4,01-11-2005
385,Carroll,ecarrollao@newsvine.com,Female,Automotive,128885,Office Assistant III,5,02-05-2011
386,Griffin,tgriffinap@reddit.com,Male,Games,140567,Research Associate,2,27-02-2011
387,Burke,mburkeaq@360.cn,Female,Garden,95726,Registered Nurse,4,09-08-2003
388,Kelley,akelleyar@list-manage.com,Female,Music,84261,Senior Editor,5,24-01-2008
389,Ortiz,gortizas@w3.org,Male,Baby,42924,Marketing Assistant,2,22-06-2013
390,Olson,aolsonat@cpanel.net,Male,Computers,86670,Web Designer II,2,14-09-2008
391,White,cwhiteau@amazon.de,Female,Clothing,147702,VP Quality Control,4,04-11-2003
392,Peters,apetersav@loc.gov,Female,Beauty,132470,Database Administrator II,6,02-02-2013
393,Sullivan,ksullivanaw@slideshare.net,Female,Music,63341,Research Associate,7,11-09-2000
394,Washington,rwashingtonax@gmpg.org,Female,Beauty,91651,Staff Accountant III,4,23-10-2002
395,Ward,jwarday@quantcast.com,Male,Baby,48927,Sales Representative,6,11-09-2013
396,Kelly,bkellyaz@bandcamp.com,Female,Kids,143433,Web Developer II,1,17-11-2013
397,Martin,hmartinb0@homestead.com,Male,Toys,81998,Product Engineer,5,02-10-2006
398,Cooper,scooperb1@cmu.edu,Female,Home,68584,Quality Engineer,2,08-05-2001
399,Holmes,jholmesb2@uol.com.br,Female,Computers,88216,Accountant III,3,04-07-2009
400,Harrison,jharrisonb3@google.de,Male,Health,86046,Nuclear Power Engineer,5,24-12-2011
401,Parker,jparkerb4@mit.edu,Female,Outdoors,148906,Project Manager,5,05-03-2008
402,Marshall,emarshallb5@yahoo.co.jp,Female,Clothing,93266,Recruiter,7,10-11-2007
403,Chapman,schapmanb6@nhs.uk,Female,Home,69702,Food Chemist,1,09-03-2002
404,Harvey,aharveyb7@who.int,Female,Outdoors,43366,Administrative Assistant IV,4,28-12-2010
405,Morgan,dmorganb8@moonfruit.com,Male,Industrial,101945,Web Developer I,2,19-05-2005
406,Foster,pfosterb9@intel.com,Male,Toys,54007,Geological Engineer,5,01-02-2003
407,Vasquez,jvasquezba@dion.ne.jp,Male,Baby,54704,Analog Circuit Design manager,3,09-04-2013
408,Moore,jmoorebb@liveinternet.ru,Female,Computers,93954,Project Manager,5,13-11-2007
409,Williams,swilliamsbc@bing.com,Female,Home,58235,Analog Circuit Design manager,6,22-04-2007
410,Harris,lharrisbd@ow.ly,Female,Tools,148940,Senior Financial Analyst,6,07-01-2012
411,Hayes,chayesbe@usnews.com,Male,Kids,110615,Paralegal,6,09-04-2003
412,Vasquez,jvasquezbf@dailymail.co.uk,Male,Jewelery,94596,Web Developer I,1,14-01-2012
413,Brooks,lbrooksbg@storify.com,Female,Health,94502,Executive Secretary,1,19-09-2008
414,Peterson,epetersonbh@reverbnation.com,Male,Games,72505,Registered Nurse,3,10-08-2011
415,Holmes,dholmesbi@jugem.jp,Male,Toys,147150,Analog Circuit Design manager,6,18-06-2001
416,Butler,dbutlerbj@wix.com,Female,Beauty,66313,Food Chemist,5,09-02-2002
417,Hanson,shansonbk@ted.com,Male,Electronics,97372,Systems Administrator I,6,04-11-2002
418,Morales,dmoralesbl@mit.edu,Female,Home,149598,VP Product Management,3,02-10-2013
419,Dixon,jdixonbm@indiatimes.com,Male,Health,104224,Clinical Specialist,5,22-02-2008
420,Henry,hhenrybn@privacy.gov.au,Female,Tools,95583,Civil Engineer,2,24-09-2007
421,Harper,rharperbo@webeden.co.uk,Female,Music,92043,Assistant Manager,3,05-01-2001
422,Torres,ctorresbp@yahoo.com,Female,Computers,118307,Staff Accountant II,1,17-09-2009
423,Walker,awalkerbq@wsj.com,Female,Jewelery,145281,VP Accounting,4,11-05-2011
424,Berry,jberrybr@discuz.net,Female,Home,148640,Internal Auditor,4,20-08-2013
425,Carpenter,lcarpenterbs@xrea.com,Female,Computers,125523,Financial Advisor,7,07-09-2000
426,Graham,tgrahambt@mediafire.com,Male,Kids,49503,Occupational Therapist,5,12-01-2009
427,Clark,aclarkbu@npr.org,Female,Sports,146611,Systems Administrator III,7,10-09-2000
428,Schmidt,rschmidtbv@tumblr.com,Female,Sports,125465,Teacher,1,08-02-2012
429,Ortiz,jortizbw@t.co,Female,Clothing,75024,Structural Analysis Engineer,6,23-01-2003
430,Hall,ehallbx@google.com.br,Male,Sports,60793,Registered Nurse,7,25-10-2011
431,Bishop,kbishopby@loc.gov,Female,Tools,110744,Accountant I,2,06-06-2010
432,Murphy,nmurphybz@jiathis.com,Female,Jewelery,46653,Registered Nurse,4,21-08-2006
433,Parker,dparkerc0@webeden.co.uk,Male,Games,114919,Database Administrator III,7,04-05-2014
434,Lee,rleec1@ibm.com,Female,Computers,98733,Payment Adjustment Coordinator,4,24-07-2000
435,Ellis,kellisc2@cafepress.com,Female,Health,139775,Chemical Engineer,1,23-08-2008
436,Bishop,abishopc3@e-recht24.de,Female,Jewelery,69559,Programmer Analyst III,3,10-05-2005
437,Roberts,arobertsc4@businessweek.com,Male,Movies,48934,Electrical Engineer,6,10-07-2007
438,Moreno,bmorenoc5@addtoany.com,Male,Grocery,79980,Recruiter,5,25-04-2014
439,Boyd,eboydc6@unc.edu,Male,Clothing,108854,Senior Editor,4,01-04-2002
440,Murphy,amurphyc7@wikia.com,Male,Books,128105,Help Desk Technician,7,23-01-2007
441,Bailey,jbaileyc8@newsvine.com,Male,Books,71676,GIS Technical Architect,4,10-06-2008
442,Bryant,jbryantc9@zdnet.com,Female,Music,139347,Data Coordiator,1,11-09-2007
443,Powell,cpowellca@samsung.com,Female,Industrial,80491,GIS Technical Architect,7,28-02-2002
444,Ferguson,jfergusoncb@sphinn.com,Female,Tools,119385,Assistant Media Planner,4,30-12-2010
445,Greene,dgreenecc@reuters.com,Male,Toys,149835,Geologist III,1,23-03-2002
446,Kennedy,pkennedycd@google.cn,Female,Health,80137,Business Systems Development Analyst,2,02-12-2008
447,Brooks,cbrooksce@washingtonpost.com,Male,Home,79724,Developer IV,7,25-08-2000
448,Brooks,jbrookscf@ucla.edu,Male,Books,102458,Occupational Therapist,1,25-06-2009
449,Gray,tgraycg@fotki.com,Female,Clothing,134205,Biostatistician I,4,20-04-2014
450,Morgan,kmorganch@reddit.com,Female,Beauty,76052,Technical Writer,5,21-05-2004
451,Robinson,arobinsonci@mapy.cz,Female,Music,144608,Research Associate,4,17-11-2004
452,Kennedy,ckennedycj@boston.com,Female,Toys,111072,Senior Quality Engineer,4,10-05-2000
453,Anderson,aandersonck@whitehouse.gov,Male,Automotive,126485,Computer Systems Analyst I,6,24-01-2010
454,Price,jpricecl@liveinternet.ru,Female,Baby,96388,Graphic Designer,6,22-09-2006
455,Hawkins,jhawkinscm@furl.net,Female,Automotive,115506,Product Engineer,2,13-06-2002
456,Watson,swatsoncn@wufoo.com,Female,Industrial,115679,Editor,2,10-03-2012
457,Cole,bcoleco@parallels.com,Female,Jewelery,133040,Research Associate,6,11-12-2001
458,Little,dlittlecp@usatoday.com,Female,Movies,91660,Research Assistant I,5,14-05-2000
459,Robertson,erobertsoncq@prweb.com,Female,Computers,136406,Chemical Engineer,7,20-09-2009
460,Sanchez,lsanchezcr@rediff.com,Male,Automotive,146167,Assistant Professor,5,28-04-2005
461,Lane,llanecs@free.fr,Female,Books,94299,Media Manager III,4,04-04-2003
462,Perry,rperryct@answers.com,Male,Industrial,56382,Executive Secretary,3,31-07-2004
463,Mason,dmasoncu@about.com,Male,Tools,120160,Database Administrator II,3,21-12-2010
464,Brooks,dbrookscv@biblegateway.com,Female,Shoes,77060,Marketing Manager,3,23-04-2008
465,White,dwhitecw@exblog.jp,Male,Computers,122540,Administrative Officer,2,17-10-2007
466,Carroll,fcarrollcx@ucoz.ru,Female,Games,128562,Senior Developer,7,29-05-2008
467,Ford,efordcy@elpais.com,Female,Sports,60674,Software Engineer I,3,15-03-2002
468,Ross,grosscz@blogtalkradio.com,Male,Jewelery,93609,Environmental Specialist,6,16-04-2005
469,Hicks,rhicksd0@histats.com,Female,Kids,97913,Occupational Therapist,3,08-08-2010
470,Rice,triced1@examiner.com,Female,Grocery,108380,Data Coordiator,5,13-08-2005
471,Lewis,plewisd2@businessinsider.com,Female,Baby,50448,Database Administrator III,4,16-11-2007
472,Arnold,larnoldd3@webeden.co.uk,Female,Books,133781,Office Assistant I,4,25-02-2012
473,Jordan,djordand4@trellian.com,Female,Books,90409,Research Assistant II,3,14-11-2009
474,Reed,creedd5@bloglines.com,Male,Garden,144953,Registered Nurse,7,07-01-2004
475,Jenkins,sjenkinsd6@bloglovin.com,Male,Outdoors,46072,Nurse,2,22-12-2001
476,Matthews,jmatthewsd7@economist.com,Male,Books,119602,Actuary,5,01-02-2012
477,Gonzalez,lgonzalezd8@fastcompany.com,Male,Computers,122231,Director of Sales,5,17-10-2010
478,Mason,jmasond9@networkadvertising.org,Male,Sports,147166,Systems Administrator I,6,16-04-2003
479,Nelson,lnelsonda@example.com,Male,Grocery,56465,Programmer IV,6,08-09-2009
480,Miller,amillerdb@reddit.com,Male,Electronics,78158,Programmer Analyst I,5,07-02-2001
481,Moore,kmooredc@simplemachines.org,Male,Jewelery,62815,Compensation Analyst,4,05-06-2013
482,Harris,rharrisdd@paypal.com,Male,Toys,126468,Budget/Accounting Analyst III,4,10-06-2007
483,Brown,mbrownde@bizjournals.com,Female,Beauty,79419,Senior Developer,3,10-05-2012
484,Little,glittledf@xrea.com,Male,Computers,83093,Registered Nurse,1,23-03-2009
485,Austin,caustindg@pen.io,Female,Kids,90797,Help Desk Operator,1,03-11-2014
486,Young,fyoungdh@npr.org,Female,Kids,78755,Desktop Support Technician,5,06-07-2008
487,Fox,hfoxdi@acquirethisname.com,Female,Kids,128726,Business Systems Development Analyst,3,18-04-2003
488,Brooks,ebrooksdj@berkeley.edu,Male,Music,69026,Nuclear Power Engineer,6,15-12-2011
489,Parker,lparkerdk@salon.com,Female,Garden,78109,Research Nurse,5,16-01-2014
490,Griffin,bgriffindl@pbs.org,Male,Movies,116480,Nurse Practicioner,5,08-04-2000
491,Stevens,bstevensdm@aol.com,Female,Toys,108444,Environmental Tech,7,13-06-2004
492,Evans,levansdn@house.gov,Male,Computers,106535,Staff Scientist,1,08-02-2010
493,Banks,bbanksdo@bravesites.com,Male,Computers,137025,Research Nurse,5,24-06-2008
494,Sullivan,ksullivandp@ucoz.com,Male,Industrial,71663,Analog Circuit Design manager,3,03-03-2005
495,Black,eblackdq@ihg.com,Female,Books,80073,Senior Developer,3,08-10-2004
496,Andrews,dandrewsdr@patch.com,Male,Beauty,40254,Quality Control Specialist,5,14-03-2008
497,Jenkins,bjenkinsds@kickstarter.com,Female,Grocery,80027,VP Sales,3,10-03-2011
498,Gutierrez,jgutierrezdt@woothemes.com,Female,Garden,106994,Technical Writer,3,22-08-2001
499,Hansen,jhansendu@timesonline.co.uk,Male,Toys,145559,Office Assistant III,2,29-04-2001
500,Rodriguez,drodriguezdv@histats.com,Male,Industrial,91994,Actuary,5,21-03-2001
501,Bailey,hbaileydw@networksolutions.com,Male,Music,138540,Geologist IV,7,05-08-2001
502,Banks,gbanksdx@berkeley.edu,Female,Computers,136034,Product Engineer,4,17-10-2010
503,Rose,jrosedy@squarespace.com,Female,Baby,127291,Accounting Assistant III,7,19-01-2004
504,Weaver,mweaverdz@ft.com,Male,Industrial,131283,Staff Scientist,4,19-03-2000
505,Walker,jwalkere0@oakley.com,Male,Computers,122108,Analog Circuit Design manager,7,20-06-2005
506,Cox,ncoxe1@1und1.de,Female,Home,49048,Sales Associate,1,01-01-2008
507,Reed,preede2@who.int,Female,Baby,97427,Occupational Therapist,6,01-11-2012
508,Marshall,dmarshalle3@about.me,Male,Computers,90960,Software Test Engineer II,7,14-05-2007
509,Gonzalez,rgonzaleze4@furl.net,Male,Health,43986,Geologist IV,3,30-12-2011
510,Lawrence,rlawrencee5@hhs.gov,Male,Outdoors,108748,Senior Editor,4,21-11-2014
511,Medina,tmedinae6@g.co,Female,Industrial,102149,Sales Representative,5,03-12-2006
512,Carpenter,rcarpentere7@blog.com,Male,Outdoors,133360,Research Nurse,7,13-06-2008
513,Carter,mcartere8@twitpic.com,Female,Garden,70814,Account Representative I,4,09-07-2004
514,Peters,gpeterse9@people.com.cn,Male,Grocery,132037,Web Developer IV,6,18-12-2010
515,Gomez,kgomezea@bloglovin.com,Male,Clothing,55747,Human Resources Assistant I,1,01-05-2002
516,Stanley,rstanleyeb@alibaba.com,Female,Toys,89324,Systems Administrator IV,3,09-06-2006
517,Carpenter,lcarpenterec@technorati.com,Male,Computers,124418,Chief Design Engineer,7,08-02-2011
518,Peters,cpetersed@goo.ne.jp,Female,Grocery,138093,Human Resources Assistant I,3,25-12-2005
519,Hamilton,chamiltonee@google.es,Male,Electronics,141340,Budget/Accounting Analyst III,4,26-08-2003
520,Owens,sowensef@ted.com,Male,Industrial,54672,Structural Engineer,4,02-06-2006
521,Williamson,dwilliamsoneg@creativecommons.org,Male,Clothing,118602,Director of Sales,5,06-10-2003
522,Flores,lfloreseh@tinyurl.com,Male,Jewelery,97745,Electrical Engineer,7,04-02-2000
523,Johnston,ajohnstonei@php.net,Female,Health,143855,Internal Auditor,5,10-06-2012
524,Edwards,pedwardsej@businessinsider.com,Female,Health,43431,Physical Therapy Assistant,6,15-06-2009
525,Payne,tpayneek@newyorker.com,Female,Tools,94016,VP Quality Control,2,01-03-2002
526,Allen,lallenel@nyu.edu,Female,Baby,66847,Assistant Media Planner,2,09-09-2011
527,Richards,jrichardsem@1688.com,Male,Clothing,69705,Senior Developer,3,20-04-2005
528,Cole,fcoleen@msn.com,Male,Sports,96739,Product Engineer,2,08-02-2012
529,Meyer,lmeyereo@storify.com,Female,Garden,52956,Senior Developer,3,01-09-2006
530,Reyes,lreyesep@foxnews.com,Female,Computers,71559,Librarian,1,14-12-2012
531,Hudson,rhudsoneq@fotki.com,Male,Home,143226,Food Chemist,7,17-11-2010
532,Rice,rriceer@wired.com,Male,Books,145747,Financial Advisor,3,14-02-2011
533,Castillo,dcastilloes@cocolog-nifty.com,Female,Industrial,72001,Automation Specialist IV,2,15-10-2013
534,Harrison,jharrisonet@mapquest.com,Female,Music,50308,Compensation Analyst,6,20-09-2000
535,Morris,rmorriseu@yahoo.com,Female,Home,131662,Help Desk Operator,3,25-07-2007
536,Castillo,acastilloev@cnet.com,Female,Kids,55730,Speech Pathologist,7,19-05-2011
537,Webb,rwebbew@twitter.com,Female,Games,63836,Occupational Therapist,1,12-02-2005
538,Freeman,gfreemanex@nps.gov,Male,Shoes,121296,Civil Engineer,2,24-10-2005
539,Kelley,rkelleyey@feedburner.com,Male,Movies,110660,Senior Financial Analyst,4,20-03-2012
540,Matthews,lmatthewsez@edublogs.org,Male,Games,89114,GIS Technical Architect,5,19-12-2001
541,Mendoza,tmendozaf0@google.nl,Female,Music,48769,Nurse,5,28-08-2007
542,Rice,ericef1@cpanel.net,Male,Music,90069,Assistant Professor,5,01-02-2008
543,Walker,kwalkerf2@vinaora.com,Female,Home,120085,Human Resources Assistant III,6,07-09-2013
544,Moore,mmooref3@oakley.com,Female,Electronics,41697,Automation Specialist I,7,15-11-2007
545,Lynch,jlynchf4@jimdo.com,Male,Kids,44093,Health Coach IV,5,04-05-2009
546,Fox,mfoxf5@jimdo.com,Female,Jewelery,59294,Senior Editor,6,01-11-2006
547,Moreno,bmorenof6@vkontakte.ru,Male,Industrial,140858,Cost Accountant,7,21-08-2013
548,Simpson,dsimpsonf7@engadget.com,Female,Toys,46444,Desktop Support Technician,6,10-01-2009
549,Reynolds,kreynoldsf8@vistaprint.com,Female,Books,85855,Financial Advisor,4,26-09-2012
550,Watson,lwatsonf9@alexa.com,Male,Shoes,72334,Developer IV,3,01-05-2000
551,Cruz,bcruzfa@nbcnews.com,Male,Music,69246,Web Developer III,6,04-10-2011
552,Gomez,cgomezfb@reddit.com,Male,Beauty,107389,Community Outreach Specialist,2,18-03-2011
553,George,rgeorgefc@youtube.com,Male,Automotive,141505,Associate Professor,6,16-12-2009
554,Frazier,mfrazierfd@tripod.com,Male,Toys,60318,Engineer I,5,06-01-2008
555,Bryant,cbryantfe@phpbb.com,Female,Outdoors,148260,Executive Secretary,7,12-06-2014
556,Ferguson,mfergusonff@trellian.com,Female,Electronics,73199,Payment Adjustment Coordinator,2,20-12-2006
557,Frazier,dfrazierfg@twitter.com,Male,Kids,111244,Environmental Specialist,6,26-08-2002
558,Hudson,jhudsonfh@soundcloud.com,Male,Baby,103845,Nurse Practicioner,1,21-03-2012
559,Murphy,jmurphyfi@naver.com,Female,Computers,88666,Senior Editor,7,19-10-2008
560,Kim,jkimfj@dropbox.com,Male,Clothing,67845,Administrative Officer,7,22-01-2014
561,Rodriguez,jrodriguezfk@cafepress.com,Male,Sports,62527,Recruiter,1,08-04-2004
562,Perez,jperezfl@seesaa.net,Male,Tools,73412,Librarian,5,17-05-2003
563,Graham,bgrahamfm@usatoday.com,Male,Beauty,123391,Financial Advisor,7,21-04-2011
564,Martinez,amartinezfn@people.com.cn,Female,Health,99508,VP Quality Control,5,23-02-2005
565,Pierce,jpiercefo@cnet.com,Female,Jewelery,55726,Geologist III,7,17-04-2014
566,Lynch,mlynchfp@reverbnation.com,Male,Electronics,67140,Systems Administrator III,3,10-12-2011
567,Myers,dmyersfq@amazon.com,Female,Home,139060,Assistant Professor,7,27-05-2010
568,Day,kdayfr@wix.com,Male,Home,135993,Geologist IV,4,20-07-2004
569,Little,jlittlefs@bravesites.com,Female,Books,80788,Programmer I,4,12-11-2010
570,James,rjamesft@jiathis.com,Female,Clothing,136377,Software Engineer I,7,21-03-2001
571,Ortiz,eortizfu@java.com,Female,Electronics,46247,VP Accounting,3,19-06-2009
572,Duncan,jduncanfv@etsy.com,Male,Automotive,45774,Electrical Engineer,2,17-03-2014
573,Kennedy,jkennedyfw@nasa.gov,Female,Sports,100741,Senior Cost Accountant,1,23-04-2010
574,Pierce,dpiercefx@marketwatch.com,Male,Grocery,45534,Senior Sales Associate,1,20-09-2005
575,Bowman,abowmanfy@devhub.com,Male,Games,75399,VP Quality Control,7,26-04-2002
576,Taylor,staylorfz@issuu.com,Male,Clothing,50235,Assistant Media Planner,1,13-07-2006
577,Jones,jjonesg0@g.co,Male,Baby,128048,Programmer III,5,27-01-2011
578,Lynch,hlynchg1@washingtonpost.com,Male,Clothing,111318,Technical Writer,3,02-05-2006
579,Barnes,jbarnesg2@hubpages.com,Female,Garden,100763,Database Administrator I,7,23-12-2000
580,Weaver,kweaverg3@wikia.com,Male,Computers,54231,Accounting Assistant II,3,23-05-2012
581,Cunningham,pcunninghamg4@example.com,Female,Sports,92334,GIS Technical Architect,3,25-03-2010
582,Ramirez,hramirezg5@merriam-webster.com,Male,Jewelery,58111,Research Associate,5,16-03-2005
583,Hunter,ehunterg6@ucsd.edu,Female,Shoes,112048,Software Engineer II,5,12-12-2000
584,Cook,ccookg7@blog.com,Female,Music,109404,Chief Design Engineer,6,13-05-2008
585,Lopez,nlopezg8@fema.gov,Male,Garden,138776,Senior Editor,2,19-07-2007
586,Olson,folsong9@acquirethisname.com,Female,Home,110411,Compensation Analyst,3,01-07-2003
587,Martin,pmartinga@webnode.com,Female,Toys,74973,General Manager,7,07-09-2002
588,Day,edaygb@google.nl,Female,Tools,129890,Software Consultant,4,15-10-2002
589,Arnold,sarnoldgc@parallels.com,Male,Movies,135786,Account Representative I,7,27-01-2005
590,Allen,rallengd@cnet.com,Female,Grocery,132998,Business Systems Development Analyst,3,15-06-2007
591,Sims,wsimsge@vinaora.com,Female,Baby,84318,Software Test Engineer I,2,28-02-2014
592,Duncan,aduncangf@behance.net,Male,Shoes,110407,Sales Associate,5,11-04-2004
593,Evans,aevansgg@wordpress.org,Female,Home,94980,Financial Advisor,4,15-06-2000
594,Chapman,schapmangh@arstechnica.com,Female,Industrial,125843,Web Designer II,4,07-03-2004
595,Price,rpricegi@flavors.me,Female,Grocery,66180,Staff Scientist,5,27-01-2000
596,Ford,jfordgj@nyu.edu,Female,Jewelery,88854,Account Representative I,4,27-11-2014
597,Lynch,alynchgk@tumblr.com,Female,Beauty,71448,Electrical Engineer,1,10-02-2004
598,Diaz,jdiazgl@hhs.gov,Female,Sports,60547,Community Outreach Specialist,2,02-11-2002
599,Watkins,rwatkinsgm@independent.co.uk,Female,Outdoors,128805,Occupational Therapist,5,21-11-2010
600,Ruiz,sruizgn@reddit.com,Female,Outdoors,96782,Database Administrator II,5,11-05-2006
601,Lopez,blopezgo@sourceforge.net,Male,Health,125944,Office Assistant II,2,12-03-2001
602,Henderson,chendersongp@sina.com.cn,Male,Tools,101937,Teacher,7,17-09-2011
603,Webb,lwebbgq@last.fm,Male,Jewelery,127569,Analyst Programmer,7,06-12-2000
604,Greene,agreenegr@cmu.edu,Male,Clothing,104517,Research Assistant III,2,30-06-2004
605,Stephens,estephensgs@phoca.cz,Female,Grocery,110366,Research Nurse,6,11-12-2010
606,Parker,rparkergt@1688.com,Female,Industrial,136917,Assistant Professor,4,08-02-2003
607,Reyes,hreyesgu@gnu.org,Male,Sports,130563,Nuclear Power Engineer,7,21-07-2007
608,Garza,hgarzagv@webmd.com,Male,Health,73553,Accountant IV,6,13-11-2004
609,Fisher,dfishergw@myspace.com,Male,Electronics,93995,Teacher,2,21-01-2007
610,Hicks,hhicksgx@ifeng.com,Male,Health,45270,VP Marketing,7,23-08-2009
611,Ford,jfordgy@earthlink.net,Female,Shoes,147739,Safety Technician I,5,29-10-2009
612,Fowler,cfowlergz@joomla.org,Female,Health,142211,Software Test Engineer IV,4,10-09-2003
613,Coleman,hcolemanh0@feedburner.com,Female,Beauty,48791,Teacher,1,26-09-2006
614,Ramirez,jramirezh1@php.net,Female,Electronics,112929,Account Coordinator,5,02-11-2008
615,Alexander,falexanderh2@irs.gov,Female,Clothing,72854,Marketing Assistant,7,25-12-2009
616,Marshall,hmarshallh3@com.com,Female,Automotive,47281,VP Sales,6,10-10-2006
617,Mills,hmillsh4@lulu.com,Female,Health,49410,Account Representative II,1,12-06-2013
618,Phillips,wphillipsh5@economist.com,Male,Clothing,128205,Sales Representative,6,07-06-2001
619,Cole,jcoleh6@php.net,Male,Tools,133190,Research Nurse,7,02-06-2014
620,Olson,aolsonh7@psu.edu,Female,Books,59644,Systems Administrator III,1,14-08-2009
621,Reynolds,nreynoldsh8@redcross.org,Male,Kids,111427,Programmer I,4,31-10-2004
622,Wright,rwrighth9@jimdo.com,Male,Electronics,98339,Assistant Manager,3,15-03-2002
623,Ford,mfordha@youku.com,Male,Beauty,72948,Teacher,6,27-02-2006
624,Garza,mgarzahb@elegantthemes.com,Male,Books,60203,Product Engineer,2,26-11-2008
625,Andrews,handrewshc@salon.com,Female,Outdoors,147003,Chemical Engineer,1,02-12-2007
626,Ruiz,sruizhd@slashdot.org,Female,Garden,83706,Assistant Media Planner,2,12-01-2009
627,Watkins,swatkinshe@wunderground.com,Female,Grocery,80245,VP Product Management,6,21-01-2000
628,Diaz,rdiazhf@nih.gov,Male,Jewelery,65110,Compensation Analyst,5,11-08-2008
629,Watkins,mwatkinshg@bbb.org,Male,Jewelery,128617,Senior Editor,4,29-07-2011
630,Pierce,spiercehh@google.nl,Male,Outdoors,96107,Actuary,5,09-02-2002
631,Perez,wperezhi@yahoo.co.jp,Female,Tools,44788,Project Manager,2,14-06-2014
632,Lopez,clopezhj@mediafire.com,Female,Garden,86207,Accountant II,4,01-01-2004
633,Freeman,mfreemanhk@walmart.com,Male,Shoes,79845,Teacher,1,25-10-2000
634,Fowler,wfowlerhl@people.com.cn,Female,Outdoors,104264,Staff Scientist,6,06-04-2011
635,Rodriguez,mrodriguezhm@wiley.com,Female,Tools,77005,Systems Administrator IV,1,27-12-2010
636,Wheeler,lwheelerhn@skyrock.com,Female,Industrial,69564,Senior Editor,6,25-09-2011
637,Knight,dknightho@buzzfeed.com,Female,Shoes,84549,Senior Cost Accountant,5,25-07-2007
638,Walker,bwalkerhp@dropbox.com,Male,Games,134488,Software Consultant,1,09-06-2006
639,Porter,eporterhq@amazon.com,Male,Shoes,140243,Financial Advisor,5,13-02-2007
640,Washington,hwashingtonhr@bbc.co.uk,Male,Jewelery,44096,Geologist IV,4,22-02-2003
641,Hayes,rhayeshs@loc.gov,Female,Health,69454,Web Designer II,1,07-04-2010
642,Warren,awarrenht@addthis.com,Female,Movies,126201,Electrical Engineer,2,15-05-2009
643,Johnston,cjohnstonhu@psu.edu,Male,Jewelery,123820,Computer Systems Analyst IV,4,21-03-2014
644,Carroll,jcarrollhv@over-blog.com,Male,Grocery,52956,Compensation Analyst,7,06-04-2002
645,Webb,twebbhw@google.com.br,Male,Tools,143595,Geological Engineer,6,01-06-2007
646,Harvey,lharveyhx@plala.or.jp,Male,Beauty,124707,Registered Nurse,6,14-08-2014
647,Washington,mwashingtonhy@icio.us,Male,Electronics,57092,Internal Auditor,2,15-10-2009
648,Long,rlonghz@list-manage.com,Male,Beauty,149099,Executive Secretary,3,12-02-2007
649,Russell,krusselli0@posterous.com,Male,Shoes,99352,Recruiting Manager,1,18-11-2007
650,Frazier,rfrazieri1@github.com,Male,Grocery,44919,Quality Engineer,7,22-01-2013
651,Freeman,tfreemani2@soundcloud.com,Female,Health,55034,Administrative Officer,4,28-08-2006
652,Rivera,criverai3@github.io,Male,Jewelery,60396,Senior Quality Engineer,7,16-06-2006
653,Ramirez,vramirezi4@yellowpages.com,Male,Toys,147862,Chemical Engineer,5,06-07-2013
654,Mcdonald,hmcdonaldi5@4shared.com,Male,Automotive,69594,Recruiting Manager,3,03-11-2002
655,Meyer,emeyeri6@friendfeed.com,Female,Sports,145363,GIS Technical Architect,3,08-06-2014
656,Campbell,kcampbelli7@prnewswire.com,Male,Books,70804,Quality Engineer,2,03-04-2008
657,Reid,areidi8@wunderground.com,Female,Clothing,65154,Sales Representative,5,29-06-2013
658,Gilbert,agilberti9@parallels.com,Male,Electronics,61332,Marketing Assistant,3,08-10-2013
659,Ramos,kramosia@ed.gov,Female,Outdoors,72319,Quality Control Specialist,1,07-09-2003
660,Nelson,mnelsonib@ibm.com,Male,Shoes,139564,Pharmacist,7,08-12-2001
661,Foster,pfosteric@smugmug.com,Female,Automotive,63364,Community Outreach Specialist,4,21-09-2004
662,Scott,bscottid@mashable.com,Male,Baby,86497,Administrative Officer,6,18-01-2000
663,Lynch,tlynchie@bloglovin.com,Female,Outdoors,117248,Staff Accountant III,1,25-01-2003
664,Watkins,ewatkinsif@ask.com,Female,Sports,133507,Budget/Accounting Analyst II,1,09-02-2013
665,Garcia,pgarciaig@macromedia.com,Female,Health,135132,Research Assistant III,7,04-11-2008
666,Arnold,jarnoldih@tripod.com,Female,Shoes,52041,Database Administrator I,2,22-04-2013
667,Willis,nwillisii@sohu.com,Female,Music,73425,Human Resources Manager,3,12-03-2012
668,Burton,jburtonij@webmd.com,Female,Computers,46960,Financial Advisor,4,17-03-2001
669,Owens,sowensik@prlog.org,Male,Toys,104373,Graphic Designer,6,06-05-2001
670,Moreno,rmorenoil@gizmodo.com,Female,Shoes,102493,Senior Quality Engineer,5,17-09-2014
671,Fuller,jfullerim@theguardian.com,Male,Shoes,55568,Senior Cost Accountant,7,11-12-2007
672,Fowler,cfowlerin@yelp.com,Male,Sports,75159,Biostatistician III,2,05-05-2006
673,Thomas,lthomasio@pagesperso-orange.fr,Male,Health,51782,Operator,6,27-10-2014
674,Adams,jadamsip@cisco.com,Male,Toys,41855,Payment Adjustment Coordinator,7,28-08-2009
675,Snyder,ssnyderiq@vkontakte.ru,Male,Games,143846,Web Developer III,3,22-06-2005
676,Sullivan,rsullivanir@xinhuanet.com,Male,Music,101756,Programmer IV,5,29-09-2013
677,Robertson,lrobertsonis@forbes.com,Male,Computers,136492,Compensation Analyst,4,04-08-2014
678,Mills,jmillsit@webs.com,Male,Music,82979,Senior Quality Engineer,6,17-04-2011
679,Stone,pstoneiu@narod.ru,Male,Electronics,40218,Paralegal,2,15-05-2014
680,Simmons,gsimmonsiv@cocolog-nifty.com,Female,Games,60695,Chemical Engineer,2,09-12-2001
681,Butler,dbutleriw@discuz.net,Male,Home,47994,Senior Quality Engineer,4,30-11-2008
682,Scott,kscottix@ycombinator.com,Male,Garden,50057,Account Executive,2,03-09-2004
683,Torres,jtorresiy@4shared.com,Female,Games,135886,Assistant Media Planner,3,11-03-2006
684,Hall,lhalliz@smh.com.au,Male,Jewelery,77924,Senior Sales Associate,7,15-07-2009
685,White,jwhitej0@usnews.com,Female,Beauty,136356,Office Assistant IV,1,07-12-2008
686,Watkins,mwatkinsj1@myspace.com,Male,Toys,104444,Business Systems Development Analyst,2,24-03-2004
687,Gardner,agardnerj2@blogs.com,Female,Computers,49693,Chemical Engineer,2,03-12-2000
688,Cruz,kcruzj3@shinystat.com,Male,Home,90829,Recruiter,6,29-06-2012
689,Austin,aaustinj4@walmart.com,Female,Electronics,62293,Administrative Officer,4,31-10-2007
690,Perkins,rperkinsj5@ehow.com,Male,Music,57988,Web Developer I,4,09-05-2000
691,Hansen,chansenj6@uiuc.edu,Female,Beauty,113893,Clinical Specialist,7,04-02-2010
692,Owens,dowensj7@hibu.com,Male,Shoes,58265,Nurse Practicioner,3,11-03-2013
693,Carr,hcarrj8@latimes.com,Male,Garden,143570,Actuary,4,17-01-2005
694,Chavez,rchavezj9@uiuc.edu,Female,Grocery,116894,Chief Design Engineer,6,19-04-2007
695,Morales,rmoralesja@vinaora.com,Female,Automotive,82244,Administrative Assistant III,2,24-01-2006
696,Anderson,dandersonjb@linkedin.com,Male,Games,92640,Executive Secretary,7,07-10-2012
697,Woods,twoodsjc@ucoz.ru,Male,Beauty,123995,Assistant Media Planner,5,23-06-2000
698,Cook,tcookjd@blinklist.com,Male,Garden,97351,Health Coach I,4,12-12-2005
699,Price,bpriceje@icio.us,Female,Clothing,133091,VP Accounting,7,25-01-2003
700,Stone,tstonejf@com.com,Male,Garden,100746,VP Quality Control,6,15-07-2004
701,Williams,jwilliamsjg@rediff.com,Male,Jewelery,101599,Developer II,7,13-10-2002
702,Wells,dwellsjh@is.gd,Male,Sports,77293,Structural Analysis Engineer,5,02-06-2014
703,Hernandez,ahernandezji@ucoz.ru,Female,Games,119787,Speech Pathologist,1,04-03-2014
704,Burke,eburkejj@godaddy.com,Male,Computers,114690,Staff Scientist,2,12-06-2013
705,Clark,pclarkjk@joomla.org,Male,Movies,97150,VP Accounting,6,25-10-2009
706,Mendoza,rmendozajl@g.co,Female,Home,91655,Cost Accountant,5,05-12-2011
707,Perry,jperryjm@home.pl,Male,Industrial,124296,Developer III,1,08-11-2006
708,Rose,crosejn@cnbc.com,Female,Automotive,66063,Software Test Engineer I,7,24-12-2011
709,Payne,cpaynejo@tinyurl.com,Female,Books,138137,Developer IV,2,12-01-2007
710,Mills,jmillsjp@yahoo.com,Female,Music,49326,Chemical Engineer,7,22-01-2005
711,Roberts,jrobertsjq@ed.gov,Male,Clothing,80743,Geological Engineer,4,21-08-2009
712,Torres,dtorresjr@state.tx.us,Male,Jewelery,105686,Senior Developer,6,23-12-2007
713,Hicks,ahicksjs@arstechnica.com,Female,Sports,65650,Project Manager,1,23-12-2013
714,Cooper,kcooperjt@salon.com,Male,Games,86446,Statistician II,4,26-09-2003
715,Henry,rhenryju@answers.com,Female,Games,132421,Human Resources Manager,1,26-06-2010
716,Jacobs,bjacobsjv@thetimes.co.uk,Male,Electronics,69855,Payment Adjustment Coordinator,4,18-06-2004
717,Greene,rgreenejw@so-net.ne.jp,Female,Outdoors,80999,Staff Accountant II,6,08-07-2007
718,Armstrong,darmstrongjx@cafepress.com,Male,Health,66447,Account Coordinator,2,03-01-2003
719,Wagner,ewagnerjy@jalbum.net,Male,Beauty,135445,Operator,2,04-01-2013
720,Rice,hricejz@blinklist.com,Female,Jewelery,57781,Dental Hygienist,4,08-11-2010
721,Smith,hsmithk0@4shared.com,Female,Health,83802,Research Assistant II,7,21-09-2005
722,Hill,khillk1@about.me,Female,Clothing,73262,Information Systems Manager,5,31-08-2002
723,Howard,rhowardk2@cnet.com,Female,Baby,89035,Senior Editor,5,03-03-2002
724,Elliott,delliottk3@who.int,Male,Industrial,125115,Senior Quality Engineer,3,20-05-2001
725,Richards,krichardsk4@bloglines.com,Male,Baby,80939,Analyst Programmer,1,02-10-2003
726,Welch,dwelchk5@mapquest.com,Male,Home,49463,Research Nurse,1,11-09-2008
727,Johnson,mjohnsonk6@sciencedaily.com,Male,Movies,83165,Account Representative I,5,21-05-2012
728,Larson,slarsonk7@sakura.ne.jp,Female,Outdoors,125574,Research Associate,1,21-04-2006
729,Banks,hbanksk8@nifty.com,Male,Jewelery,119747,Graphic Designer,5,15-11-2013
730,Johnston,ejohnstonk9@liveinternet.ru,Female,Sports,57651,Help Desk Operator,6,24-11-2008
731,Ferguson,gfergusonka@geocities.jp,Female,Home,70524,VP Accounting,2,28-06-2009
732,Murray,amurraykb@blinklist.com,Male,Clothing,50511,Senior Cost Accountant,3,15-08-2004
733,Diaz,jdiazkc@china.com.cn,Male,Home,58847,Community Outreach Specialist,4,20-11-2000
734,Simmons,tsimmonskd@chicagotribune.com,Female,Automotive,58555,Biostatistician I,2,20-02-2005
735,Richards,jrichardske@hatena.ne.jp,Male,Clothing,116333,Legal Assistant,5,14-11-2014
736,Morgan,emorgankf@businessinsider.com,Male,Baby,80813,Senior Quality Engineer,6,27-08-2009
737,Price,bpricekg@xinhuanet.com,Male,Health,142794,Recruiting Manager,1,26-07-2004
738,Hudson,chudsonkh@google.co.uk,Female,Computers,65083,Marketing Assistant,6,04-01-2003
739,Carroll,lcarrollki@example.com,Female,Baby,125398,Assistant Professor,2,13-03-2014
740,Long,jlongkj@dailymail.co.uk,Female,Kids,98502,Structural Analysis Engineer,7,13-01-2008
741,Parker,cparkerkk@foxnews.com,Female,Shoes,90086,Research Associate,4,31-12-2002
742,Nguyen,lnguyenkl@goodreads.com,Male,Sports,77382,Design Engineer,6,03-12-2007
743,Garza,agarzakm@miitbeian.gov.cn,Female,Electronics,113278,Statistician IV,2,23-12-2014
744,Gordon,pgordonkn@mac.com,Male,Automotive,129324,Developer I,4,18-09-2001
745,Reed,lreedko@wikipedia.org,Female,Outdoors,108504,Pharmacist,1,21-11-2005
746,Baker,bbakerkp@list-manage.com,Male,Industrial,145283,Payment Adjustment Coordinator,1,04-10-2001
747,Carroll,mcarrollkq@whitehouse.gov,Male,Kids,82674,Junior Executive,4,30-07-2006
748,Elliott,delliottkr@dot.gov,Male,Clothing,119097,Administrative Assistant I,2,09-12-2009
749,Parker,aparkerks@godaddy.com,Female,Jewelery,60498,Accountant I,4,05-09-2012
750,Ward,kwardkt@wikipedia.org,Male,Music,108228,VP Sales,3,16-07-2014
751,Kelley,ckelleyku@gravatar.com,Male,Electronics,106602,Occupational Therapist,2,07-05-2005
752,Gonzales,rgonzaleskv@meetup.com,Female,Home,95810,Food Chemist,4,24-01-2011
753,King,bkingkw@friendfeed.com,Female,Electronics,149597,Structural Analysis Engineer,1,05-02-2005
754,Mendoza,smendozakx@java.com,Female,Electronics,57331,Occupational Therapist,3,17-03-2000
755,Tucker,ctuckerky@1688.com,Male,Industrial,49113,Business Systems Development Analyst,7,17-08-2011
756,Fox,dfoxkz@foxnews.com,Female,Grocery,80417,Assistant Media Planner,7,17-07-2005
757,Evans,aevansl0@nba.com,Male,Games,122595,Automation Specialist I,6,05-04-2012
758,Ray,nrayl1@mail.ru,Male,Toys,126661,Systems Administrator I,2,23-10-2013
759,Vasquez,jvasquezl2@edublogs.org,Male,Garden,127695,Systems Administrator I,7,02-04-2000
760,Bell,sbelll3@goo.gl,Male,Baby,66608,General Manager,1,24-07-2008
761,Burke,eburkel4@newsvine.com,Female,Home,106033,Quality Control Specialist,1,14-12-2014
762,Stanley,cstanleyl5@springer.com,Male,Electronics,103237,Account Executive,7,09-08-2013
763,Bell,dbelll6@wisc.edu,Male,Computers,122843,Accountant IV,2,22-04-2002
764,Jacobs,mjacobsl7@ibm.com,Female,Music,51771,Accountant III,3,06-07-2004
765,Williams,dwilliamsl8@google.com.br,Male,Tools,107709,Nuclear Power Engineer,1,07-11-2009
766,Elliott,kelliottl9@hhs.gov,Male,Books,104149,Food Chemist,2,18-12-2009
767,Hall,jhallla@hao123.com,Male,Books,91501,Editor,7,02-08-2004
768,Meyer,jmeyerlb@yandex.ru,Female,Automotive,42602,Programmer IV,2,24-07-2014
769,Kelly,jkellylc@linkedin.com,Female,Kids,132676,Dental Hygienist,4,24-11-2013
770,Burton,jburtonld@delicious.com,Female,Games,140688,Programmer Analyst III,3,04-05-2006
771,Clark,rclarkle@ted.com,Female,Garden,51792,Software Consultant,4,09-09-2014
772,Elliott,delliottlf@fda.gov,Male,Movies,100570,Senior Financial Analyst,5,13-10-2004
773,Dixon,rdixonlg@parallels.com,Male,Tools,60383,VP Product Management,1,02-07-2007
774,Richards,vrichardslh@forbes.com,Male,Shoes,68761,Graphic Designer,1,21-03-2006
775,Gonzalez,egonzalezli@naver.com,Female,Tools,131830,GIS Technical Architect,2,14-10-2009
776,Olson,kolsonlj@friendfeed.com,Female,Clothing,107535,Office Assistant III,7,27-09-2013
777,Sims,jsimslk@angelfire.com,Male,Industrial,95548,Sales Associate,3,15-11-2001
778,Thomas,ethomasll@aol.com,Male,Automotive,116487,Graphic Designer,1,16-05-2013
779,Gonzalez,mgonzalezlm@illinois.edu,Male,Grocery,148106,Sales Representative,2,03-02-2005
780,Cox,dcoxln@studiopress.com,Male,Games,135719,Database Administrator I,5,04-04-2007
781,Schmidt,rschmidtlo@harvard.edu,Female,Automotive,121300,Human Resources Assistant II,5,04-04-2010
782,Weaver,jweaverlp@unblog.fr,Male,Movies,120226,Software Engineer II,4,09-11-2011
783,Burns,kburnslq@163.com,Male,Automotive,44377,Technical Writer,4,13-08-2004
784,Burns,aburnslr@squidoo.com,Male,Electronics,102001,Developer III,4,15-02-2008
785,Miller,nmillerls@behance.net,Male,Music,99151,Information Systems Manager,1,10-03-2009
786,Willis,jwillislt@instagram.com,Male,Garden,123427,General Manager,4,08-10-2000
787,Williamson,twilliamsonlu@ow.ly,Female,Tools,135695,Budget/Accounting Analyst III,6,09-03-2003
788,Phillips,dphillipslv@domainmarket.com,Female,Toys,102793,Editor,4,29-04-2004
789,James,kjameslw@yellowbook.com,Male,Clothing,130188,Structural Analysis Engineer,1,20-03-2005
790,Murray,cmurraylx@icio.us,Female,Home,97607,Accountant IV,3,25-04-2013
791,Phillips,tphillipsly@globo.com,Female,Sports,93534,Health Coach IV,1,11-12-2013
792,Mccoy,jmccoylz@samsung.com,Male,Industrial,95787,Engineer IV,2,20-09-2007
793,Kelly,akellym0@unblog.fr,Female,Games,120086,Professor,6,16-04-2011
794,Larson,mlarsonm1@blinklist.com,Female,Outdoors,119414,Research Assistant II,1,01-01-2009
795,Hansen,dhansenm2@thetimes.co.uk,Female,Garden,79952,Compensation Analyst,4,12-09-2008
796,Owens,jowensm3@mail.ru,Male,Beauty,138682,Analyst Programmer,7,17-08-2004
797,Ramos,aramosm4@issuu.com,Female,Health,49667,Help Desk Technician,6,20-05-2003
798,Kim,akimm5@vimeo.com,Male,Garden,83798,Technical Writer,5,13-07-2008
799,Sims,asimsm6@lycos.com,Female,Clothing,146024,Actuary,7,09-03-2013
800,Peterson,apetersonm7@eepurl.com,Male,Outdoors,144841,Web Developer I,4,08-09-2000
801,Gomez,tgomezm8@ucoz.ru,Female,Movies,101582,Biostatistician II,7,20-09-2012
802,Knight,dknightm9@quantcast.com,Female,Movies,100716,Help Desk Operator,3,30-05-2006
803,Hunt,ahuntma@g.co,Female,Beauty,72016,Computer Systems Analyst I,4,16-03-2011
804,Hunter,hhuntermb@reverbnation.com,Female,Books,123156,Social Worker,1,31-07-2005
805,Gordon,pgordonmc@creativecommons.org,Male,Baby,110058,Business Systems Development Analyst,1,13-08-2014
806,Hill,shillmd@ca.gov,Male,Shoes,117092,VP Product Management,5,15-12-2011
807,Gibson,hgibsonme@ox.ac.uk,Male,Industrial,148816,Operator,4,15-12-2005
808,Mills,jmillsmf@seesaa.net,Female,Games,79031,Electrical Engineer,3,14-04-2009
809,Butler,rbutlermg@netvibes.com,Male,Automotive,128448,Technical Writer,3,09-08-2006
810,Foster,lfostermh@blog.com,Female,Health,138478,Software Test Engineer IV,4,07-01-2013
811,Harrison,eharrisonmi@cdbaby.com,Male,Jewelery,41026,Professor,1,08-10-2010
812,Harvey,jharveymj@yandex.ru,Male,Beauty,131816,Sales Representative,1,25-09-2006
813,Collins,dcollinsmk@salon.com,Female,Grocery,85647,Speech Pathologist,6,11-11-2013
814,Hayes,shayesml@usda.gov,Male,Jewelery,49457,Compensation Analyst,4,28-02-2000
815,Burton,rburtonmm@ow.ly,Female,Garden,80763,Community Outreach Specialist,3,01-10-2014
816,Jackson,pjacksonmn@dailymotion.com,Female,Beauty,107093,Electrical Engineer,3,29-12-2013
817,Dixon,sdixonmo@marriott.com,Male,Baby,138970,Structural Analysis Engineer,7,15-01-2008
818,Rice,jricemp@columbia.edu,Female,Movies,82077,Data Coordiator,4,05-04-2002
819,Murray,jmurraymq@spiegel.de,Male,Industrial,83237,Editor,4,06-12-2014
820,Baker,jbakermr@cafepress.com,Male,Toys,107749,Graphic Designer,2,20-01-2002
821,Riley,rrileyms@uiuc.edu,Male,Jewelery,149114,Business Systems Development Analyst,7,19-06-2012
822,Gonzalez,jgonzalezmt@nsw.gov.au,Male,Health,107240,Financial Analyst,4,09-08-2007
823,Harrison,mharrisonmu@guardian.co.uk,Female,Baby,134334,Accountant II,7,30-05-2008
824,Morris,mmorrismv@tumblr.com,Male,Grocery,72008,GIS Technical Architect,2,26-09-2002
825,Turner,jturnermw@mapy.cz,Male,Books,89285,Community Outreach Specialist,5,03-04-2000
826,Garcia,cgarciamx@vistaprint.com,Female,Grocery,131075,Help Desk Operator,2,10-08-2003
827,Fowler,hfowlermy@nps.gov,Male,Baby,110383,Chief Design Engineer,4,07-05-2009
828,Allen,wallenmz@gnu.org,Female,Tools,149586,Account Coordinator,1,18-07-2005
829,Parker,bparkern0@weibo.com,Male,Health,89503,Research Associate,2,27-11-2002
830,Stewart,cstewartn1@hugedomains.com,Female,Computers,149336,Senior Sales Associate,1,14-03-2010
831,Rodriguez,drodriguezn2@guardian.co.uk,Female,Outdoors,140276,Electrical Engineer,5,30-08-2006
832,Turner,hturnern3@tumblr.com,Female,Games,127875,Accountant III,7,08-04-2001
833,Chavez,rchavezn4@tamu.edu,Female,Music,137704,Help Desk Technician,4,29-05-2009
834,Cox,kcoxn5@dyndns.org,Female,Games,149221,Senior Financial Analyst,2,17-01-2013
835,Tucker,btuckern6@ovh.net,Male,Baby,148573,Nurse Practicioner,4,04-06-2014
836,Vasquez,svasquezn7@1und1.de,Female,Games,125378,Senior Developer,4,20-09-2002
837,Cole,wcolen8@php.net,Female,Jewelery,66420,Clinical Specialist,7,12-09-2006
838,Black,rblackn9@sun.com,Male,Toys,117171,Electrical Engineer,4,28-09-2008
839,Richardson,trichardsonna@cbsnews.com,Female,Health,145962,Cost Accountant,3,23-10-2008
840,Hamilton,phamiltonnb@earthlink.net,Male,Books,73778,Sales Representative,2,19-10-2001
841,Sullivan,ssullivannc@clickbank.net,Male,Kids,76731,Accounting Assistant II,2,04-03-2008
842,Carpenter,acarpenternd@prlog.org,Female,Beauty,101653,Web Designer II,6,13-07-2008
843,Ross,rrossne@salon.com,Male,Garden,62534,Senior Editor,3,11-01-2001
844,Hall,jhallnf@1und1.de,Male,Outdoors,100428,Web Designer I,3,30-04-2013
845,Washington,iwashingtonng@freewebs.com,Male,Kids,109828,VP Quality Control,6,02-12-2001
846,Moreno,dmorenonh@webs.com,Female,Jewelery,63133,Clinical Specialist,5,21-03-2001
847,Knight,dknightni@unc.edu,Female,Clothing,91532,Operator,4,22-03-2008
848,Austin,jaustinnj@gov.uk,Female,Shoes,101646,Environmental Tech,1,26-01-2005
849,Rice,kricenk@cyberchimps.com,Male,Grocery,68034,Senior Financial Analyst,4,02-08-2002
850,Kelley,pkelleynl@biglobe.ne.jp,Male,Kids,55214,Senior Quality Engineer,2,04-04-2012
851,Gordon,bgordonnm@imdb.com,Female,Automotive,136448,Media Manager II,4,29-12-2002
852,Rose,srosenn@flavors.me,Male,Shoes,76086,Statistician I,7,01-05-2010
853,Mendoza,emendozano@edublogs.org,Male,Beauty,128947,Help Desk Operator,5,03-08-2013
854,Hanson,ghansonnp@free.fr,Male,Tools,113354,VP Quality Control,4,14-10-2006
855,Perry,eperrynq@imdb.com,Male,Garden,75125,VP Marketing,7,21-05-2012
856,Roberts,trobertsnr@over-blog.com,Female,Clothing,139714,Help Desk Operator,2,21-02-2004
857,Nichols,dnicholsns@ifeng.com,Male,Toys,43537,Help Desk Operator,4,20-10-2003
858,Wright,lwrightnt@house.gov,Female,Automotive,127521,Nurse,4,23-11-2001
859,Clark,mclarknu@bigcartel.com,Male,Health,112510,Information Systems Manager,4,19-02-2007
860,Anderson,landersonnv@sakura.ne.jp,Male,Sports,115009,Structural Engineer,4,26-12-2004
861,Foster,kfosternw@a8.net,Female,Electronics,64381,Professor,7,01-05-2013
862,Stanley,bstanleynx@phoca.cz,Female,Grocery,149929,Director of Sales,6,10-02-2001
863,Gonzales,fgonzalesny@squarespace.com,Female,Automotive,101006,Sales Associate,2,07-09-2001
864,Jones,sjonesnz@chron.com,Female,Beauty,47716,Quality Engineer,2,01-09-2013
865,Dixon,mdixono0@cbc.ca,Female,Sports,126420,Structural Analysis Engineer,6,29-12-2008
866,Kelly,jkellyo1@ameblo.jp,Female,Sports,55265,Paralegal,1,01-09-2011
867,Johnson,bjohnsono2@toplist.cz,Female,Books,95679,Associate Professor,3,18-03-2012
868,Price,jpriceo3@google.it,Male,Movies,52612,Analyst Programmer,7,24-01-2003
869,Turner,pturnero4@tamu.edu,Female,Shoes,130849,Desktop Support Technician,5,10-12-2010
870,Howard,ghowardo5@ow.ly,Male,Outdoors,141753,Assistant Professor,3,21-08-2006
871,Hanson,thansono6@paginegialle.it,Male,Health,133492,Accountant II,3,27-08-2007
872,Hall,thallo7@hud.gov,Male,Kids,112126,Information Systems Manager,3,28-12-2004
873,Alexander,aalexandero8@histats.com,Female,Toys,140078,Environmental Specialist,3,05-07-2006
874,Spencer,kspencero9@eventbrite.com,Male,Books,119769,Director of Sales,2,29-09-2012
875,Jenkins,rjenkinsoa@answers.com,Female,Health,115911,Civil Engineer,7,15-02-2007
876,Montgomery,amontgomeryob@dmoz.org,Male,Shoes,75676,Recruiting Manager,3,22-12-2003
877,Webb,rwebboc@a8.net,Male,Outdoors,144932,Marketing Assistant,4,13-04-2005
878,Williamson,pwilliamsonod@utexas.edu,Male,Industrial,80102,Graphic Designer,2,25-10-2010
879,Hill,shilloe@ft.com,Male,Tools,144661,Registered Nurse,3,03-10-2011
880,Grant,kgrantof@phoca.cz,Female,Music,60268,Registered Nurse,3,26-09-2001
881,Wright,cwrightog@trellian.com,Female,Tools,94072,Social Worker,3,10-09-2014
882,George,wgeorgeoh@mail.ru,Male,Shoes,85249,Engineer I,2,23-02-2006
883,George,lgeorgeoi@jigsy.com,Male,Grocery,66059,Software Test Engineer IV,5,12-10-2007
884,Ford,bfordoj@spiegel.de,Female,Electronics,80931,Cost Accountant,1,26-11-2005
885,Wallace,mwallaceok@abc.net.au,Female,Toys,118793,Research Assistant III,3,17-09-2011
886,Murphy,fmurphyol@tumblr.com,Female,Baby,62114,Analyst Programmer,7,26-09-2014
887,Vasquez,jvasquezom@networksolutions.com,Male,Beauty,131811,Social Worker,4,03-05-2014
888,Collins,bcollinson@google.pl,Female,Outdoors,143034,Budget/Accounting Analyst III,3,30-09-2007
889,Jackson,ajacksonoo@slate.com,Male,Games,41516,Nurse,1,07-05-2013
890,Howell,ehowellop@dailymotion.com,Female,Baby,72534,Account Executive,4,26-11-2012
891,Richards,arichardsoq@so-net.ne.jp,Male,Baby,140004,Design Engineer,7,09-06-2011
892,Crawford,pcrawfordor@gnu.org,Male,Beauty,114436,Account Representative IV,5,23-06-2004
893,Dixon,jdixonos@msu.edu,Male,Grocery,68684,Staff Scientist,3,31-03-2009
894,Owens,jowensot@gmpg.org,Male,Automotive,135326,Graphic Designer,1,18-09-2000
895,Moore,kmooreou@slate.com,Male,Industrial,40194,Environmental Specialist,5,23-02-2014
896,Carpenter,rcarpenterov@pagesperso-orange.fr,Female,Home,134813,Health Coach I,7,28-10-2010
897,Reid,sreidow@smugmug.com,Male,Beauty,79718,Marketing Manager,4,09-03-2002
898,Lee,kleeox@nature.com,Female,Industrial,115085,Senior Quality Engineer,7,09-12-2010
899,Burton,kburtonoy@army.mil,Female,Shoes,67758,Chemical Engineer,2,05-03-2005
900,Jordan,tjordanoz@instagram.com,Male,Toys,115776,Database Administrator I,2,23-02-2012
901,Perry,kperryp0@chron.com,Male,Books,146701,Research Assistant II,7,15-12-2013
902,Wright,bwrightp1@deviantart.com,Male,Shoes,109233,Mechanical Systems Engineer,4,16-12-2011
903,Burns,eburnsp2@discuz.net,Female,Outdoors,113654,Health Coach IV,1,07-01-2007
904,Roberts,drobertsp3@ed.gov,Female,Tools,90937,Cost Accountant,6,25-08-2004
905,Webb,dwebbp4@about.com,Male,Automotive,111689,GIS Technical Architect,5,10-10-2007
906,Spencer,sspencerp5@mtv.com,Male,Electronics,110881,Electrical Engineer,1,18-04-2014
907,Frazier,kfrazierp6@dailymail.co.uk,Female,Tools,104326,Assistant Manager,5,22-09-2009
908,Hanson,jhansonp7@1688.com,Female,Electronics,144767,Executive Secretary,5,27-11-2003
909,Mcdonald,hmcdonaldp8@facebook.com,Male,Automotive,111041,Research Assistant II,6,26-12-2009
910,Reyes,freyesp9@ft.com,Female,Garden,148860,Product Engineer,4,21-12-2005
911,Peterson,jpetersonpa@unblog.fr,Male,Automotive,53964,Pharmacist,1,20-01-2002
912,Fisher,sfisherpb@answers.com,Female,Beauty,131152,Database Administrator IV,2,01-03-2007
913,Kelley,mkelleypc@sourceforge.net,Female,Clothing,116266,Marketing Assistant,6,20-02-2012
914,Armstrong,carmstrongpd@4shared.com,Female,Beauty,143853,Design Engineer,2,07-06-2006
915,Bell,cbellpe@npr.org,Male,Tools,92561,Senior Sales Associate,1,26-05-2010
916,Payne,bpaynepf@cbsnews.com,Female,Grocery,45486,GIS Technical Architect,1,10-08-2006
917,Gutierrez,sgutierrezpg@bloglovin.com,Male,Beauty,95424,VP Product Management,2,11-12-2004
918,Miller,amillerph@skype.com,Female,Baby,73905,Design Engineer,7,30-09-2004
919,Bishop,kbishoppi@ovh.net,Female,Movies,53798,Mechanical Systems Engineer,1,18-12-2010
920,Cole,scolepj@odnoklassniki.ru,Female,Tools,116766,Account Representative IV,4,02-05-2010
921,Moore,jmoorepk@home.pl,Female,Beauty,142101,Paralegal,2,23-06-2013
922,Watkins,swatkinspl@google.fr,Female,Beauty,41299,Computer Systems Analyst IV,5,19-04-2000
923,White,jwhitepm@elpais.com,Male,Grocery,122130,Project Manager,1,07-01-2003
924,Wilson,bwilsonpn@chron.com,Male,Beauty,122446,Systems Administrator II,6,06-03-2003
925,Phillips,dphillipspo@adobe.com,Female,Garden,127367,Recruiting Manager,4,03-10-2011
926,Austin,raustinpp@house.gov,Male,Toys,50161,Account Executive,3,01-04-2014
927,Howard,dhowardpq@ocn.ne.jp,Male,Music,82080,Analog Circuit Design manager,2,10-11-2003
928,Young,lyoungpr@psu.edu,Female,Kids,62799,Operator,1,21-12-2009
929,Rice,ericeps@reference.com,Female,Clothing,66357,Cost Accountant,3,08-08-2003
930,Hansen,jhansenpt@slate.com,Female,Garden,129746,Geological Engineer,1,26-04-2013
931,Burton,jburtonpu@wufoo.com,Female,Toys,63682,Recruiting Manager,5,24-08-2004
932,Reyes,lreyespv@tuttocitta.it,Female,Garden,134114,Accounting Assistant IV,2,27-05-2009
933,Williams,gwilliamspw@columbia.edu,Male,Baby,131273,Web Developer IV,6,23-03-2014
934,Morrison,tmorrisonpx@free.fr,Male,Toys,93714,Social Worker,5,22-09-2005
935,Hudson,mhudsonpy@altervista.org,Male,Books,146745,Assistant Media Planner,1,08-12-2001
936,Weaver,mweaverpz@delicious.com,Female,Computers,126307,Professor,4,20-12-2010
937,Hawkins,chawkinsq0@bravesites.com,Male,Sports,134931,Tax Accountant,1,25-09-2011
938,Jones,djonesq1@tamu.edu,Female,Home,73668,Environmental Specialist,2,10-02-2002
939,Austin,kaustinq2@soup.io,Male,Industrial,48840,Product Engineer,1,19-01-2012
940,Turner,lturnerq3@ycombinator.com,Male,Grocery,146952,Dental Hygienist,2,09-03-2014
941,Cunningham,gcunninghamq4@webmd.com,Female,Garden,73565,Mechanical Systems Engineer,7,07-05-2006
942,Lopez,llopezq5@usgs.gov,Male,Shoes,64443,Senior Sales Associate,6,07-06-2010
943,Phillips,kphillipsq6@soup.io,Female,Electronics,127171,Cost Accountant,4,05-01-2008
944,Adams,jadamsq7@aol.com,Female,Automotive,79045,VP Product Management,3,11-02-2002
945,Lee,pleeq8@noaa.gov,Female,Jewelery,117147,Staff Accountant III,1,16-03-2006
946,Phillips,dphillipsq9@stanford.edu,Female,Outdoors,69807,Account Representative IV,3,06-01-2014
947,Kelly,ckellyqa@boston.com,Female,Shoes,128646,Senior Editor,1,09-01-2004
948,James,bjamesqb@hubpages.com,Male,Tools,47271,Programmer Analyst IV,1,13-02-2008
949,Woods,jwoodsqc@patch.com,Male,Shoes,59363,Programmer Analyst IV,1,25-12-2005
950,Kennedy,jkennedyqd@nba.com,Female,Shoes,68364,Professor,5,22-07-2008
951,Lewis,jlewisqe@etsy.com,Female,Toys,115975,Social Worker,7,17-12-2012
952,Cole,acoleqf@unblog.fr,Female,Shoes,53905,Editor,7,21-10-2008
953,Edwards,pedwardsqg@cnbc.com,Male,Grocery,115360,Social Worker,6,03-09-2003
954,Cooper,ncooperqh@wp.com,Female,Electronics,120108,Computer Systems Analyst II,5,19-07-2011
955,Marshall,wmarshallqi@fastcompany.com,Male,Clothing,59234,VP Product Management,7,18-04-2005
956,Austin,saustinqj@vimeo.com,Female,Grocery,76812,Biostatistician III,7,28-01-2007
957,Franklin,cfranklinqk@dyndns.org,Female,Games,42347,VP Product Management,3,08-05-2012
958,Wood,bwoodql@epa.gov,Male,Tools,82164,Compensation Analyst,1,05-12-2003
959,Young,jyoungqm@xing.com,Male,Music,114695,Statistician IV,1,29-11-2000
960,Lane,glaneqn@google.fr,Male,Computers,47541,Payment Adjustment Coordinator,2,31-12-2002
961,Bowman,rbowmanqo@auda.org.au,Female,Baby,116355,Structural Engineer,5,14-11-2011
962,Hayes,ahayesqp@npr.org,Female,Health,48339,Engineer III,5,13-10-2000
963,Burton,cburtonqq@github.io,Female,Clothing,58697,Teacher,4,20-06-2012
964,Ramos,mramosqr@is.gd,Male,Garden,127268,Nurse Practicioner,4,02-03-2002
965,Butler,sbutlerqs@ow.ly,Male,Games,115541,Pharmacist,6,02-04-2014
966,Kelly,ckellyqt@canalblog.com,Female,Industrial,54876,Research Associate,2,13-02-2008
967,Lawson,clawsonqu@cargocollective.com,Female,Beauty,55081,Mechanical Systems Engineer,5,13-08-2012
968,Moreno,nmorenoqv@chronoengine.com,Male,Beauty,123017,Speech Pathologist,6,26-09-2009
969,Richards,jrichardsqw@blog.com,Male,Clothing,85294,Media Manager I,4,05-07-2014
970,James,pjamesqx@nymag.com,Male,Kids,54470,Accounting Assistant IV,2,05-08-2004
971,Dunn,mdunnqy@chronoengine.com,Female,Outdoors,148889,Help Desk Operator,4,11-06-2011
972,Bailey,mbaileyqz@howstuffworks.com,Female,Baby,94049,Senior Financial Analyst,7,10-01-2008
973,Walker,swalkerr0@sina.com.cn,Female,Movies,51132,Assistant Manager,4,11-05-2009
974,Welch,rwelchr1@eventbrite.com,Male,Toys,87422,Research Nurse,3,14-06-2002
975,Fowler,kfowlerr2@wp.com,Female,Garden,88439,Media Manager III,2,15-09-2014
976,Chapman,achapmanr3@list-manage.com,Male,Beauty,110749,Legal Assistant,7,25-02-2005
977,Collins,acollinsr4@jiathis.com,Male,Beauty,137911,Accountant IV,4,26-10-2006
978,Hunt,ghuntr5@moonfruit.com,Male,Electronics,93665,Health Coach I,3,18-06-2009
979,Medina,bmedinar6@1688.com,Male,Baby,90068,Quality Control Specialist,6,31-12-2009
980,Sanchez,tsanchezr7@lycos.com,Female,Home,83704,Editor,5,19-12-2014
981,Simmons,dsimmonsr8@craigslist.org,Male,Beauty,116767,Environmental Tech,3,27-06-2011
982,Mendoza,bmendozar9@reference.com,Female,Toys,54599,Assistant Media Planner,3,26-08-2000
983,Lopez,llopezra@blogger.com,Female,Sports,94685,Research Nurse,4,17-02-2014
984,Williams,hwilliamsrb@webnode.com,Male,Jewelery,91608,Staff Scientist,5,20-10-2004
985,Stevens,hstevensrc@hugedomains.com,Male,Electronics,118791,Safety Technician IV,1,28-02-2006
986,Ryan,hryanrd@networkadvertising.org,Male,Beauty,115888,Librarian,6,27-11-2002
987,Lawrence,slawrencere@cdbaby.com,Female,Tools,60743,Civil Engineer,5,17-12-2000
988,Cole,ecolerf@scientificamerican.com,Female,Beauty,117962,Accountant III,7,17-04-2005
989,Fields,dfieldsrg@examiner.com,Female,Music,67817,Registered Nurse,7,07-03-2004
990,Thomas,lthomasrh@elegantthemes.com,Male,Kids,76229,Business Systems Development Analyst,4,06-08-2003
991,Turner,rturnerri@a8.net,Female,Electronics,62286,Senior Sales Associate,2,13-12-2009
992,Edwards,nedwardsrj@wikimedia.org,Male,Outdoors,121713,Director of Sales,5,30-10-2006
993,Anderson,sandersonrk@businesswire.com,Female,Books,139486,Product Engineer,7,07-03-2009
994,Hamilton,rhamiltonrl@skype.com,Female,Health,141375,Desktop Support Technician,7,29-10-2002
995,Wood,kwoodrm@indiegogo.com,Female,Jewelery,83404,Pharmacist,2,05-04-2010
996,James,tjamesrn@soundcloud.com,Female,Games,78433,Accountant II,7,17-11-2013
997,Reynolds,dreynoldsro@blogtalkradio.com,Female,Computers,120138,Statistician IV,1,16-04-2007
998,Walker,kwalkerrp@unicef.org,Female,Games,60363,Account Coordinator,1,13-02-2010
999,Kennedy,lkennedyrq@edublogs.org,Male,Industrial,48050,Graphic Designer,2,22-09-2004
1000,Howard,showardrr@addtoany.com,Male,Baby,148687,General Manager,3,07-11-2003
